-- ========== 成型机台数据 ==========
INSERT INTO T_MDM_MOLDING_MACHINE (CX_MACHINE_CODE, CX_MACHINE_BRAND_CODE, CX_MACHINE_TYPE_CODE, ROLL_OVER_TYPE, IS_ZERO_RACK, LH_MACHINE_MAX_QTY, MAX_DAY_CAPACITY, LINE_NUMBER, IS_ACTIVE) VALUES ('GM01', '软控', '三鼓', 'A型', 1, 4, 120, 1, 1);
INSERT INTO T_MDM_MOLDING_MACHINE (CX_MACHINE_CODE, CX_MACHINE_BRAND_CODE, CX_MACHINE_TYPE_CODE, ROLL_OVER_TYPE, IS_ZERO_RACK, LH_MACHINE_MAX_QTY, MAX_DAY_CAPACITY, LINE_NUMBER, IS_ACTIVE) VALUES ('GM02', '软控', '三鼓', 'A型', 1, 4, 120, 1, 1);
INSERT INTO T_MDM_MOLDING_MACHINE (CX_MACHINE_CODE, CX_MACHINE_BRAND_CODE, CX_MACHINE_TYPE_CODE, ROLL_OVER_TYPE, IS_ZERO_RACK, LH_MACHINE_MAX_QTY, MAX_DAY_CAPACITY, LINE_NUMBER, IS_ACTIVE) VALUES ('GM03', '软控', '三鼓', 'A型', 1, 4, 120, 1, 1);
INSERT INTO T_MDM_MOLDING_MACHINE (CX_MACHINE_CODE, CX_MACHINE_BRAND_CODE, CX_MACHINE_TYPE_CODE, ROLL_OVER_TYPE, IS_ZERO_RACK, LH_MACHINE_MAX_QTY, MAX_DAY_CAPACITY, LINE_NUMBER, IS_ACTIVE) VALUES ('GM04', '软控', '三鼓', 'A型', 1, 4, 120, 2, 1);
INSERT INTO T_MDM_MOLDING_MACHINE (CX_MACHINE_CODE, CX_MACHINE_BRAND_CODE, CX_MACHINE_TYPE_CODE, ROLL_OVER_TYPE, IS_ZERO_RACK, LH_MACHINE_MAX_QTY, MAX_DAY_CAPACITY, LINE_NUMBER, IS_ACTIVE) VALUES ('GM05', '软控', '三鼓', 'A型', 1, 4, 120, 2, 1);
INSERT INTO T_MDM_MOLDING_MACHINE (CX_MACHINE_CODE, CX_MACHINE_BRAND_CODE, CX_MACHINE_TYPE_CODE, ROLL_OVER_TYPE, IS_ZERO_RACK, LH_MACHINE_MAX_QTY, MAX_DAY_CAPACITY, LINE_NUMBER, IS_ACTIVE) VALUES ('GM06', '软控', '三鼓', 'A型', 1, 4, 120, 2, 1);
INSERT INTO T_MDM_MOLDING_MACHINE (CX_MACHINE_CODE, CX_MACHINE_BRAND_CODE, CX_MACHINE_TYPE_CODE, ROLL_OVER_TYPE, IS_ZERO_RACK, LH_MACHINE_MAX_QTY, MAX_DAY_CAPACITY, LINE_NUMBER, IS_ACTIVE) VALUES ('GM07', '软控', '三鼓', 'A型', 1, 4, 120, 3, 1);
INSERT INTO T_MDM_MOLDING_MACHINE (CX_MACHINE_CODE, CX_MACHINE_BRAND_CODE, CX_MACHINE_TYPE_CODE, ROLL_OVER_TYPE, IS_ZERO_RACK, LH_MACHINE_MAX_QTY, MAX_DAY_CAPACITY, LINE_NUMBER, IS_ACTIVE) VALUES ('GM08', '软控', '三鼓', 'A型', 1, 4, 120, 3, 1);

-- ========== 硫化机台数据 ==========
INSERT INTO T_LH_SCHEDULE_RESULT (LH_MACHINE_CODE, MATERIAL_CODE, MATERIAL_DESC, STRUCTURE_NAME, DAILY_PLAN_QTY, SCHEDULE_DATE, CLASS1_PLAN_QTY, CLASS2_PLAN_QTY, CLASS3_PLAN_QTY, EMBRYO_STOCK) VALUES ('K1101', '3302000465', '315/70R22.5    JD575', '315/70R22.5', 16, '2025-01-15', 16, 0, 0, 67);
INSERT INTO T_LH_SCHEDULE_RESULT (LH_MACHINE_CODE, MATERIAL_CODE, MATERIAL_DESC, STRUCTURE_NAME, DAILY_PLAN_QTY, SCHEDULE_DATE, CLASS1_PLAN_QTY, CLASS2_PLAN_QTY, CLASS3_PLAN_QTY, EMBRYO_STOCK) VALUES ('K1104', '3302001591', '315/70R22.5    JD577', '315/70R22.5', 16, '2025-01-15', 16, 0, 0, 84);
INSERT INTO T_LH_SCHEDULE_RESULT (LH_MACHINE_CODE, MATERIAL_CODE, MATERIAL_DESC, STRUCTURE_NAME, DAILY_PLAN_QTY, SCHEDULE_DATE, CLASS1_PLAN_QTY, CLASS2_PLAN_QTY, CLASS3_PLAN_QTY, EMBRYO_STOCK) VALUES ('K1105', '3302002353', '295/80R22.5    AT505', '295/80R22.5', 18, '2025-01-15', 18, 0, 0, 36);
INSERT INTO T_LH_SCHEDULE_RESULT (LH_MACHINE_CODE, MATERIAL_CODE, MATERIAL_DESC, STRUCTURE_NAME, DAILY_PLAN_QTY, SCHEDULE_DATE, CLASS1_PLAN_QTY, CLASS2_PLAN_QTY, CLASS3_PLAN_QTY, EMBRYO_STOCK) VALUES ('K1106', '3302001311', '255/70R22.5    AT505', '255/70R22.5', 18, '2025-01-15', 18, 0, 0, 74);
INSERT INTO T_LH_SCHEDULE_RESULT (LH_MACHINE_CODE, MATERIAL_CODE, MATERIAL_DESC, STRUCTURE_NAME, DAILY_PLAN_QTY, SCHEDULE_DATE, CLASS1_PLAN_QTY, CLASS2_PLAN_QTY, CLASS3_PLAN_QTY, EMBRYO_STOCK) VALUES ('K1107', '3302001885', '215/75R17.5    AT505', '215/75R17.5', 22, '2025-01-15', 22, 0, 0, 22);
INSERT INTO T_LH_SCHEDULE_RESULT (LH_MACHINE_CODE, MATERIAL_CODE, MATERIAL_DESC, STRUCTURE_NAME, DAILY_PLAN_QTY, SCHEDULE_DATE, CLASS1_PLAN_QTY, CLASS2_PLAN_QTY, CLASS3_PLAN_QTY, EMBRYO_STOCK) VALUES ('K1108', '3302001364', '315/70R22.5    JW592', '315/70R22.5', 16, '2025-01-15', 16, 0, 0, 41);
INSERT INTO T_LH_SCHEDULE_RESULT (LH_MACHINE_CODE, MATERIAL_CODE, MATERIAL_DESC, STRUCTURE_NAME, DAILY_PLAN_QTY, SCHEDULE_DATE, CLASS1_PLAN_QTY, CLASS2_PLAN_QTY, CLASS3_PLAN_QTY, EMBRYO_STOCK) VALUES ('K1110', '3302001078', '295/75R22.5    AD507', '295/75R22.5', 16, '2025-01-15', 16, 0, 0, 31);
INSERT INTO T_LH_SCHEDULE_RESULT (LH_MACHINE_CODE, MATERIAL_CODE, MATERIAL_DESC, STRUCTURE_NAME, DAILY_PLAN_QTY, SCHEDULE_DATE, CLASS1_PLAN_QTY, CLASS2_PLAN_QTY, CLASS3_PLAN_QTY, EMBRYO_STOCK) VALUES ('K1112', '3302001202', '225/70R19.5    AT505', '225/70R19.5', 22, '2025-01-15', 22, 0, 0, 73);
INSERT INTO T_LH_SCHEDULE_RESULT (LH_MACHINE_CODE, MATERIAL_CODE, MATERIAL_DESC, STRUCTURE_NAME, DAILY_PLAN_QTY, SCHEDULE_DATE, CLASS1_PLAN_QTY, CLASS2_PLAN_QTY, CLASS3_PLAN_QTY, EMBRYO_STOCK) VALUES ('K1114', '3302000465', '315/70R22.5    JD575', '315/70R22.5', 16, '2025-01-15', 16, 0, 0, 67);
INSERT INTO T_LH_SCHEDULE_RESULT (LH_MACHINE_CODE, MATERIAL_CODE, MATERIAL_DESC, STRUCTURE_NAME, DAILY_PLAN_QTY, SCHEDULE_DATE, CLASS1_PLAN_QTY, CLASS2_PLAN_QTY, CLASS3_PLAN_QTY, EMBRYO_STOCK) VALUES ('K1116', '3302001589', '315/70R22.5    BD177', '315/70R22.5', 16, '2025-01-15', 16, 0, 0, 84);
INSERT INTO T_LH_SCHEDULE_RESULT (LH_MACHINE_CODE, MATERIAL_CODE, MATERIAL_DESC, STRUCTURE_NAME, DAILY_PLAN_QTY, SCHEDULE_DATE, CLASS1_PLAN_QTY, CLASS2_PLAN_QTY, CLASS3_PLAN_QTY, EMBRYO_STOCK) VALUES ('K1202', '3302001716', '315/70R22.5    EDL11', '315/70R22.5', 16, '2025-01-15', 16, 0, 0, 84);
INSERT INTO T_LH_SCHEDULE_RESULT (LH_MACHINE_CODE, MATERIAL_CODE, MATERIAL_DESC, STRUCTURE_NAME, DAILY_PLAN_QTY, SCHEDULE_DATE, CLASS1_PLAN_QTY, CLASS2_PLAN_QTY, CLASS3_PLAN_QTY, EMBRYO_STOCK) VALUES ('K1203', '3302002295', '255/70R22.5    UT129', '255/70R22.5', 18, '2025-01-15', 18, 0, 0, 74);
INSERT INTO T_LH_SCHEDULE_RESULT (LH_MACHINE_CODE, MATERIAL_CODE, MATERIAL_DESC, STRUCTURE_NAME, DAILY_PLAN_QTY, SCHEDULE_DATE, CLASS1_PLAN_QTY, CLASS2_PLAN_QTY, CLASS3_PLAN_QTY, EMBRYO_STOCK) VALUES ('K1205', '3302000467', '315/70R22.5    BD175', '315/70R22.5', 16, '2025-01-15', 16, 0, 0, 50);
INSERT INTO T_LH_SCHEDULE_RESULT (LH_MACHINE_CODE, MATERIAL_CODE, MATERIAL_DESC, STRUCTURE_NAME, DAILY_PLAN_QTY, SCHEDULE_DATE, CLASS1_PLAN_QTY, CLASS2_PLAN_QTY, CLASS3_PLAN_QTY, EMBRYO_STOCK) VALUES ('K1206', '3302000750', '295/80R22.5    BD175', '295/80R22.5', 16, '2025-01-15', 16, 0, 0, 11);
INSERT INTO T_LH_SCHEDULE_RESULT (LH_MACHINE_CODE, MATERIAL_CODE, MATERIAL_DESC, STRUCTURE_NAME, DAILY_PLAN_QTY, SCHEDULE_DATE, CLASS1_PLAN_QTY, CLASS2_PLAN_QTY, CLASS3_PLAN_QTY, EMBRYO_STOCK) VALUES ('K1207', '3302002357', '225/70R19.5    AD515', '225/70R19.5', 22, '2025-01-15', 22, 0, 0, 14);
INSERT INTO T_LH_SCHEDULE_RESULT (LH_MACHINE_CODE, MATERIAL_CODE, MATERIAL_DESC, STRUCTURE_NAME, DAILY_PLAN_QTY, SCHEDULE_DATE, CLASS1_PLAN_QTY, CLASS2_PLAN_QTY, CLASS3_PLAN_QTY, EMBRYO_STOCK) VALUES ('K1208', '3302000467', '315/70R22.5    BD175', '315/70R22.5', 16, '2025-01-15', 16, 0, 0, 50);
INSERT INTO T_LH_SCHEDULE_RESULT (LH_MACHINE_CODE, MATERIAL_CODE, MATERIAL_DESC, STRUCTURE_NAME, DAILY_PLAN_QTY, SCHEDULE_DATE, CLASS1_PLAN_QTY, CLASS2_PLAN_QTY, CLASS3_PLAN_QTY, EMBRYO_STOCK) VALUES ('K1212', '3302001541', '215/75R17.5    JF518', '215/75R17.5', 22, '2025-01-15', 22, 0, 0, 22);
INSERT INTO T_LH_SCHEDULE_RESULT (LH_MACHINE_CODE, MATERIAL_CODE, MATERIAL_DESC, STRUCTURE_NAME, DAILY_PLAN_QTY, SCHEDULE_DATE, CLASS1_PLAN_QTY, CLASS2_PLAN_QTY, CLASS3_PLAN_QTY, EMBRYO_STOCK) VALUES ('K1213', '3302002191', '225/70R19.5    QF518', '225/70R19.5', 22, '2025-01-15', 22, 0, 0, 73);
INSERT INTO T_LH_SCHEDULE_RESULT (LH_MACHINE_CODE, MATERIAL_CODE, MATERIAL_DESC, STRUCTURE_NAME, DAILY_PLAN_QTY, SCHEDULE_DATE, CLASS1_PLAN_QTY, CLASS2_PLAN_QTY, CLASS3_PLAN_QTY, EMBRYO_STOCK) VALUES ('K1215', '3302001589', '315/70R22.5    BD177', '315/70R22.5', 16, '2025-01-15', 16, 0, 0, 84);
INSERT INTO T_LH_SCHEDULE_RESULT (LH_MACHINE_CODE, MATERIAL_CODE, MATERIAL_DESC, STRUCTURE_NAME, DAILY_PLAN_QTY, SCHEDULE_DATE, CLASS1_PLAN_QTY, CLASS2_PLAN_QTY, CLASS3_PLAN_QTY, EMBRYO_STOCK) VALUES ('K1216', '3302001589', '315/70R22.5    BD177', '315/70R22.5', 16, '2025-01-15', 16, 0, 0, 84);
INSERT INTO T_LH_SCHEDULE_RESULT (LH_MACHINE_CODE, MATERIAL_CODE, MATERIAL_DESC, STRUCTURE_NAME, DAILY_PLAN_QTY, SCHEDULE_DATE, CLASS1_PLAN_QTY, CLASS2_PLAN_QTY, CLASS3_PLAN_QTY, EMBRYO_STOCK) VALUES ('K1301', '3302001038', '215/75R17.5    BT165', '215/75R17.5', 22, '2025-01-15', 22, 0, 0, 22);
INSERT INTO T_LH_SCHEDULE_RESULT (LH_MACHINE_CODE, MATERIAL_CODE, MATERIAL_DESC, STRUCTURE_NAME, DAILY_PLAN_QTY, SCHEDULE_DATE, CLASS1_PLAN_QTY, CLASS2_PLAN_QTY, CLASS3_PLAN_QTY, EMBRYO_STOCK) VALUES ('K1302', '3302001885', '215/75R17.5    AT505', '215/75R17.5', 22, '2025-01-15', 22, 0, 0, 22);
INSERT INTO T_LH_SCHEDULE_RESULT (LH_MACHINE_CODE, MATERIAL_CODE, MATERIAL_DESC, STRUCTURE_NAME, DAILY_PLAN_QTY, SCHEDULE_DATE, CLASS1_PLAN_QTY, CLASS2_PLAN_QTY, CLASS3_PLAN_QTY, EMBRYO_STOCK) VALUES ('K1303', '3302001202', '225/70R19.5    AT505', '225/70R19.5', 22, '2025-01-15', 22, 0, 0, 73);
INSERT INTO T_LH_SCHEDULE_RESULT (LH_MACHINE_CODE, MATERIAL_CODE, MATERIAL_DESC, STRUCTURE_NAME, DAILY_PLAN_QTY, SCHEDULE_DATE, CLASS1_PLAN_QTY, CLASS2_PLAN_QTY, CLASS3_PLAN_QTY, EMBRYO_STOCK) VALUES ('K1304', '3302001202', '225/70R19.5    AT505', '225/70R19.5', 22, '2025-01-15', 22, 0, 0, 73);
INSERT INTO T_LH_SCHEDULE_RESULT (LH_MACHINE_CODE, MATERIAL_CODE, MATERIAL_DESC, STRUCTURE_NAME, DAILY_PLAN_QTY, SCHEDULE_DATE, CLASS1_PLAN_QTY, CLASS2_PLAN_QTY, CLASS3_PLAN_QTY, EMBRYO_STOCK) VALUES ('K1305', '3302000245', '215/75R17.5    JF568', '215/75R17.5', 22, '2025-01-15', 22, 0, 0, 22);
INSERT INTO T_LH_SCHEDULE_RESULT (LH_MACHINE_CODE, MATERIAL_CODE, MATERIAL_DESC, STRUCTURE_NAME, DAILY_PLAN_QTY, SCHEDULE_DATE, CLASS1_PLAN_QTY, CLASS2_PLAN_QTY, CLASS3_PLAN_QTY, EMBRYO_STOCK) VALUES ('K1306', '3302002359', '225/70R19.5    EAR30', '225/70R19.5', 22, '2025-01-15', 22, 0, 0, 73);
INSERT INTO T_LH_SCHEDULE_RESULT (LH_MACHINE_CODE, MATERIAL_CODE, MATERIAL_DESC, STRUCTURE_NAME, DAILY_PLAN_QTY, SCHEDULE_DATE, CLASS1_PLAN_QTY, CLASS2_PLAN_QTY, CLASS3_PLAN_QTY, EMBRYO_STOCK) VALUES ('K1308', '3302001761', '295/75R22.5    AT159', '295/75R22.5', 18, '2025-01-15', 18, 0, 0, 18);
INSERT INTO T_LH_SCHEDULE_RESULT (LH_MACHINE_CODE, MATERIAL_CODE, MATERIAL_DESC, STRUCTURE_NAME, DAILY_PLAN_QTY, SCHEDULE_DATE, CLASS1_PLAN_QTY, CLASS2_PLAN_QTY, CLASS3_PLAN_QTY, EMBRYO_STOCK) VALUES ('K1313', '3302002217', '295/80R22.5    UD188', '295/80R22.5', 16, '2025-01-15', 16, 0, 0, 1);
INSERT INTO T_LH_SCHEDULE_RESULT (LH_MACHINE_CODE, MATERIAL_CODE, MATERIAL_DESC, STRUCTURE_NAME, DAILY_PLAN_QTY, SCHEDULE_DATE, CLASS1_PLAN_QTY, CLASS2_PLAN_QTY, CLASS3_PLAN_QTY, EMBRYO_STOCK) VALUES ('K1316', '3302001404', '295/80R22.5    JF568', '295/80R22.5', 18, '2025-01-15', 18, 0, 0, 36);
INSERT INTO T_LH_SCHEDULE_RESULT (LH_MACHINE_CODE, MATERIAL_CODE, MATERIAL_DESC, STRUCTURE_NAME, DAILY_PLAN_QTY, SCHEDULE_DATE, CLASS1_PLAN_QTY, CLASS2_PLAN_QTY, CLASS3_PLAN_QTY, EMBRYO_STOCK) VALUES ('K1403', '3302001405', '295/80R22.5    BT165', '295/80R22.5', 18, '2025-01-15', 18, 0, 0, 36);
INSERT INTO T_LH_SCHEDULE_RESULT (LH_MACHINE_CODE, MATERIAL_CODE, MATERIAL_DESC, STRUCTURE_NAME, DAILY_PLAN_QTY, SCHEDULE_DATE, CLASS1_PLAN_QTY, CLASS2_PLAN_QTY, CLASS3_PLAN_QTY, EMBRYO_STOCK) VALUES ('K1404', '3302001002', '295/80R22.5    AD506', '295/80R22.5', 16, '2025-01-15', 16, 0, 0, 11);
INSERT INTO T_LH_SCHEDULE_RESULT (LH_MACHINE_CODE, MATERIAL_CODE, MATERIAL_DESC, STRUCTURE_NAME, DAILY_PLAN_QTY, SCHEDULE_DATE, CLASS1_PLAN_QTY, CLASS2_PLAN_QTY, CLASS3_PLAN_QTY, EMBRYO_STOCK) VALUES ('K1407', '3302002190', '215/75R17.5    QF568', '215/75R17.5', 22, '2025-01-15', 22, 0, 0, 22);
INSERT INTO T_LH_SCHEDULE_RESULT (LH_MACHINE_CODE, MATERIAL_CODE, MATERIAL_DESC, STRUCTURE_NAME, DAILY_PLAN_QTY, SCHEDULE_DATE, CLASS1_PLAN_QTY, CLASS2_PLAN_QTY, CLASS3_PLAN_QTY, EMBRYO_STOCK) VALUES ('K1409', '3302001717', '315/70R22.5    EDR51', '315/70R22.5', 16, '2025-01-15', 16, 0, 0, 18);
INSERT INTO T_LH_SCHEDULE_RESULT (LH_MACHINE_CODE, MATERIAL_CODE, MATERIAL_DESC, STRUCTURE_NAME, DAILY_PLAN_QTY, SCHEDULE_DATE, CLASS1_PLAN_QTY, CLASS2_PLAN_QTY, CLASS3_PLAN_QTY, EMBRYO_STOCK) VALUES ('K1411', '3302000466', '315/70R22.5    JD565', '315/70R22.5', 16, '2025-01-15', 16, 0, 0, 22);
INSERT INTO T_LH_SCHEDULE_RESULT (LH_MACHINE_CODE, MATERIAL_CODE, MATERIAL_DESC, STRUCTURE_NAME, DAILY_PLAN_QTY, SCHEDULE_DATE, CLASS1_PLAN_QTY, CLASS2_PLAN_QTY, CLASS3_PLAN_QTY, EMBRYO_STOCK) VALUES ('K1412', '3302001586', '295/80R22.5    JF518', '295/80R22.5', 18, '2025-01-15', 18, 0, 0, 36);
INSERT INTO T_LH_SCHEDULE_RESULT (LH_MACHINE_CODE, MATERIAL_CODE, MATERIAL_DESC, STRUCTURE_NAME, DAILY_PLAN_QTY, SCHEDULE_DATE, CLASS1_PLAN_QTY, CLASS2_PLAN_QTY, CLASS3_PLAN_QTY, EMBRYO_STOCK) VALUES ('K1413', '3302000467', '315/70R22.5    BD175', '315/70R22.5', 16, '2025-01-15', 16, 0, 0, 50);
INSERT INTO T_LH_SCHEDULE_RESULT (LH_MACHINE_CODE, MATERIAL_CODE, MATERIAL_DESC, STRUCTURE_NAME, DAILY_PLAN_QTY, SCHEDULE_DATE, CLASS1_PLAN_QTY, CLASS2_PLAN_QTY, CLASS3_PLAN_QTY, EMBRYO_STOCK) VALUES ('K1414', '3302001590', '315/70R22.5    BF188', '315/70R22.5', 16, '2025-01-15', 16, 0, 0, 33);
INSERT INTO T_LH_SCHEDULE_RESULT (LH_MACHINE_CODE, MATERIAL_CODE, MATERIAL_DESC, STRUCTURE_NAME, DAILY_PLAN_QTY, SCHEDULE_DATE, CLASS1_PLAN_QTY, CLASS2_PLAN_QTY, CLASS3_PLAN_QTY, EMBRYO_STOCK) VALUES ('K1505', '3302002348', '315/70R22.5    BW292', '315/70R22.5', 16, '2025-01-15', 16, 0, 0, 41);
INSERT INTO T_LH_SCHEDULE_RESULT (LH_MACHINE_CODE, MATERIAL_CODE, MATERIAL_DESC, STRUCTURE_NAME, DAILY_PLAN_QTY, SCHEDULE_DATE, CLASS1_PLAN_QTY, CLASS2_PLAN_QTY, CLASS3_PLAN_QTY, EMBRYO_STOCK) VALUES ('K1508', '3302002392', '295/80R22.5    EDW85', '295/80R22.5', 18, '2025-01-15', 18, 0, 0, 14);
INSERT INTO T_LH_SCHEDULE_RESULT (LH_MACHINE_CODE, MATERIAL_CODE, MATERIAL_DESC, STRUCTURE_NAME, DAILY_PLAN_QTY, SCHEDULE_DATE, CLASS1_PLAN_QTY, CLASS2_PLAN_QTY, CLASS3_PLAN_QTY, EMBRYO_STOCK) VALUES ('K1512', '3302000750', '295/80R22.5    BD175', '295/80R22.5', 16, '2025-01-15', 16, 0, 0, 11);
INSERT INTO T_LH_SCHEDULE_RESULT (LH_MACHINE_CODE, MATERIAL_CODE, MATERIAL_DESC, STRUCTURE_NAME, DAILY_PLAN_QTY, SCHEDULE_DATE, CLASS1_PLAN_QTY, CLASS2_PLAN_QTY, CLASS3_PLAN_QTY, EMBRYO_STOCK) VALUES ('K1514', '3302001761', '295/75R22.5    AT159', '295/75R22.5', 18, '2025-01-15', 18, 0, 0, 18);
INSERT INTO T_LH_SCHEDULE_RESULT (LH_MACHINE_CODE, MATERIAL_CODE, MATERIAL_DESC, STRUCTURE_NAME, DAILY_PLAN_QTY, SCHEDULE_DATE, CLASS1_PLAN_QTY, CLASS2_PLAN_QTY, CLASS3_PLAN_QTY, EMBRYO_STOCK) VALUES ('K1516', '3302001591', '315/70R22.5    JD577', '315/70R22.5', 16, '2025-01-15', 16, 0, 0, 84);
INSERT INTO T_LH_SCHEDULE_RESULT (LH_MACHINE_CODE, MATERIAL_CODE, MATERIAL_DESC, STRUCTURE_NAME, DAILY_PLAN_QTY, SCHEDULE_DATE, CLASS1_PLAN_QTY, CLASS2_PLAN_QTY, CLASS3_PLAN_QTY, EMBRYO_STOCK) VALUES ('K1601', '3302001002', '295/80R22.5    AD506', '295/80R22.5', 16, '2025-01-15', 16, 0, 0, 11);
INSERT INTO T_LH_SCHEDULE_RESULT (LH_MACHINE_CODE, MATERIAL_CODE, MATERIAL_DESC, STRUCTURE_NAME, DAILY_PLAN_QTY, SCHEDULE_DATE, CLASS1_PLAN_QTY, CLASS2_PLAN_QTY, CLASS3_PLAN_QTY, EMBRYO_STOCK) VALUES ('K1603', '3302000465', '315/70R22.5    JD575', '315/70R22.5', 16, '2025-01-15', 16, 0, 0, 67);
INSERT INTO T_LH_SCHEDULE_RESULT (LH_MACHINE_CODE, MATERIAL_CODE, MATERIAL_DESC, STRUCTURE_NAME, DAILY_PLAN_QTY, SCHEDULE_DATE, CLASS1_PLAN_QTY, CLASS2_PLAN_QTY, CLASS3_PLAN_QTY, EMBRYO_STOCK) VALUES ('K1606', '3302001717', '315/70R22.5    EDR51', '315/70R22.5', 16, '2025-01-15', 16, 0, 0, 18);
INSERT INTO T_LH_SCHEDULE_RESULT (LH_MACHINE_CODE, MATERIAL_CODE, MATERIAL_DESC, STRUCTURE_NAME, DAILY_PLAN_QTY, SCHEDULE_DATE, CLASS1_PLAN_QTY, CLASS2_PLAN_QTY, CLASS3_PLAN_QTY, EMBRYO_STOCK) VALUES ('K1612', '3302002061', '295/80R22.5    ESL01', '295/80R22.5', 18, '2025-01-15', 18, 0, 0, 36);
INSERT INTO T_LH_SCHEDULE_RESULT (LH_MACHINE_CODE, MATERIAL_CODE, MATERIAL_DESC, STRUCTURE_NAME, DAILY_PLAN_QTY, SCHEDULE_DATE, CLASS1_PLAN_QTY, CLASS2_PLAN_QTY, CLASS3_PLAN_QTY, EMBRYO_STOCK) VALUES ('K1613', '3302002417', '295/80R22.5    EAR30', '295/80R22.5', 18, '2025-01-15', 18, 0, 0, 18);
INSERT INTO T_LH_SCHEDULE_RESULT (LH_MACHINE_CODE, MATERIAL_CODE, MATERIAL_DESC, STRUCTURE_NAME, DAILY_PLAN_QTY, SCHEDULE_DATE, CLASS1_PLAN_QTY, CLASS2_PLAN_QTY, CLASS3_PLAN_QTY, EMBRYO_STOCK) VALUES ('K1614', '3302001584', '295/80R22.5    BD177', '295/80R22.5', 16, '2025-01-15', 16, 0, 0, 9);
INSERT INTO T_LH_SCHEDULE_RESULT (LH_MACHINE_CODE, MATERIAL_CODE, MATERIAL_DESC, STRUCTURE_NAME, DAILY_PLAN_QTY, SCHEDULE_DATE, CLASS1_PLAN_QTY, CLASS2_PLAN_QTY, CLASS3_PLAN_QTY, EMBRYO_STOCK) VALUES ('K1615', '3302001765', '295/75R22.5    AT505', '295/75R22.5', 18, '2025-01-15', 18, 0, 0, 9);
INSERT INTO T_LH_SCHEDULE_RESULT (LH_MACHINE_CODE, MATERIAL_CODE, MATERIAL_DESC, STRUCTURE_NAME, DAILY_PLAN_QTY, SCHEDULE_DATE, CLASS1_PLAN_QTY, CLASS2_PLAN_QTY, CLASS3_PLAN_QTY, EMBRYO_STOCK) VALUES ('K1616', '3302001794', '315/70R22.5    ESL01', '315/70R22.5', 16, '2025-01-15', 16, 0, 0, 33);
INSERT INTO T_LH_SCHEDULE_RESULT (LH_MACHINE_CODE, MATERIAL_CODE, MATERIAL_DESC, STRUCTURE_NAME, DAILY_PLAN_QTY, SCHEDULE_DATE, CLASS1_PLAN_QTY, CLASS2_PLAN_QTY, CLASS3_PLAN_QTY, EMBRYO_STOCK) VALUES ('K1702', '3302001311', '255/70R22.5    AT505', '255/70R22.5', 18, '2025-01-15', 18, 0, 0, 74);
INSERT INTO T_LH_SCHEDULE_RESULT (LH_MACHINE_CODE, MATERIAL_CODE, MATERIAL_DESC, STRUCTURE_NAME, DAILY_PLAN_QTY, SCHEDULE_DATE, CLASS1_PLAN_QTY, CLASS2_PLAN_QTY, CLASS3_PLAN_QTY, EMBRYO_STOCK) VALUES ('K1703', '3302001973', '255/70R22.5    VA96 ', '255/70R22.5', 18, '2025-01-15', 18, 0, 0, 74);
INSERT INTO T_LH_SCHEDULE_RESULT (LH_MACHINE_CODE, MATERIAL_CODE, MATERIAL_DESC, STRUCTURE_NAME, DAILY_PLAN_QTY, SCHEDULE_DATE, CLASS1_PLAN_QTY, CLASS2_PLAN_QTY, CLASS3_PLAN_QTY, EMBRYO_STOCK) VALUES ('K1711', '3302001766', '295/75R22.5    AT505', '295/75R22.5', 18, '2025-01-15', 18, 0, 0, 9);
INSERT INTO T_LH_SCHEDULE_RESULT (LH_MACHINE_CODE, MATERIAL_CODE, MATERIAL_DESC, STRUCTURE_NAME, DAILY_PLAN_QTY, SCHEDULE_DATE, CLASS1_PLAN_QTY, CLASS2_PLAN_QTY, CLASS3_PLAN_QTY, EMBRYO_STOCK) VALUES ('K1712', '3302000458', '315/70R22.5    JF568', '315/70R22.5', 16, '2025-01-15', 16, 0, 0, 33);
INSERT INTO T_LH_SCHEDULE_RESULT (LH_MACHINE_CODE, MATERIAL_CODE, MATERIAL_DESC, STRUCTURE_NAME, DAILY_PLAN_QTY, SCHEDULE_DATE, CLASS1_PLAN_QTY, CLASS2_PLAN_QTY, CLASS3_PLAN_QTY, EMBRYO_STOCK) VALUES ('K1714', '3302001078', '295/75R22.5    AD507', '295/75R22.5', 16, '2025-01-15', 16, 0, 0, 31);
INSERT INTO T_LH_SCHEDULE_RESULT (LH_MACHINE_CODE, MATERIAL_CODE, MATERIAL_DESC, STRUCTURE_NAME, DAILY_PLAN_QTY, SCHEDULE_DATE, CLASS1_PLAN_QTY, CLASS2_PLAN_QTY, CLASS3_PLAN_QTY, EMBRYO_STOCK) VALUES ('K1716', '3302001311', '255/70R22.5    AT505', '255/70R22.5', 18, '2025-01-15', 18, 0, 0, 74);
INSERT INTO T_LH_SCHEDULE_RESULT (LH_MACHINE_CODE, MATERIAL_CODE, MATERIAL_DESC, STRUCTURE_NAME, DAILY_PLAN_QTY, SCHEDULE_DATE, CLASS1_PLAN_QTY, CLASS2_PLAN_QTY, CLASS3_PLAN_QTY, EMBRYO_STOCK) VALUES ('K1803', '3302002456', '295/80R22.5    BD290', '295/80R22.5', 16, '2025-01-15', 16, 0, 0, 1);
INSERT INTO T_LH_SCHEDULE_RESULT (LH_MACHINE_CODE, MATERIAL_CODE, MATERIAL_DESC, STRUCTURE_NAME, DAILY_PLAN_QTY, SCHEDULE_DATE, CLASS1_PLAN_QTY, CLASS2_PLAN_QTY, CLASS3_PLAN_QTY, EMBRYO_STOCK) VALUES ('K1805', '3302000465', '315/70R22.5    JD575', '315/70R22.5', 16, '2025-01-15', 16, 0, 0, 67);
INSERT INTO T_LH_SCHEDULE_RESULT (LH_MACHINE_CODE, MATERIAL_CODE, MATERIAL_DESC, STRUCTURE_NAME, DAILY_PLAN_QTY, SCHEDULE_DATE, CLASS1_PLAN_QTY, CLASS2_PLAN_QTY, CLASS3_PLAN_QTY, EMBRYO_STOCK) VALUES ('K1806', '3302002363', '315/70R22.5    EDW85', '315/70R22.5', 18, '2025-01-15', 18, 0, 0, 18);
INSERT INTO T_LH_SCHEDULE_RESULT (LH_MACHINE_CODE, MATERIAL_CODE, MATERIAL_DESC, STRUCTURE_NAME, DAILY_PLAN_QTY, SCHEDULE_DATE, CLASS1_PLAN_QTY, CLASS2_PLAN_QTY, CLASS3_PLAN_QTY, EMBRYO_STOCK) VALUES ('K1809', '3302000465', '315/70R22.5    JD575', '315/70R22.5', 16, '2025-01-15', 16, 0, 0, 67);
INSERT INTO T_LH_SCHEDULE_RESULT (LH_MACHINE_CODE, MATERIAL_CODE, MATERIAL_DESC, STRUCTURE_NAME, DAILY_PLAN_QTY, SCHEDULE_DATE, CLASS1_PLAN_QTY, CLASS2_PLAN_QTY, CLASS3_PLAN_QTY, EMBRYO_STOCK) VALUES ('K1810', '3302001078', '295/75R22.5    AD507', '295/75R22.5', 16, '2025-01-15', 16, 0, 0, 31);
INSERT INTO T_LH_SCHEDULE_RESULT (LH_MACHINE_CODE, MATERIAL_CODE, MATERIAL_DESC, STRUCTURE_NAME, DAILY_PLAN_QTY, SCHEDULE_DATE, CLASS1_PLAN_QTY, CLASS2_PLAN_QTY, CLASS3_PLAN_QTY, EMBRYO_STOCK) VALUES ('K1902', '3302000467', '315/70R22.5    BD175', '315/70R22.5', 16, '2025-01-15', 16, 0, 0, 50);
INSERT INTO T_LH_SCHEDULE_RESULT (LH_MACHINE_CODE, MATERIAL_CODE, MATERIAL_DESC, STRUCTURE_NAME, DAILY_PLAN_QTY, SCHEDULE_DATE, CLASS1_PLAN_QTY, CLASS2_PLAN_QTY, CLASS3_PLAN_QTY, EMBRYO_STOCK) VALUES ('K1910', '3302001914', '295/80R22.5    BA267', '295/80R22.5', 16, '2025-01-15', 16, 0, 0, 0);
INSERT INTO T_LH_SCHEDULE_RESULT (LH_MACHINE_CODE, MATERIAL_CODE, MATERIAL_DESC, STRUCTURE_NAME, DAILY_PLAN_QTY, SCHEDULE_DATE, CLASS1_PLAN_QTY, CLASS2_PLAN_QTY, CLASS3_PLAN_QTY, EMBRYO_STOCK) VALUES ('K1912', '3302002061', '295/80R22.5    ESL01', '295/80R22.5', 18, '2025-01-15', 18, 0, 0, 36);
INSERT INTO T_LH_SCHEDULE_RESULT (LH_MACHINE_CODE, MATERIAL_CODE, MATERIAL_DESC, STRUCTURE_NAME, DAILY_PLAN_QTY, SCHEDULE_DATE, CLASS1_PLAN_QTY, CLASS2_PLAN_QTY, CLASS3_PLAN_QTY, EMBRYO_STOCK) VALUES ('K1914', '3302001585', '295/80R22.5    BF188', '295/80R22.5', 18, '2025-01-15', 18, 0, 0, 36);
INSERT INTO T_LH_SCHEDULE_RESULT (LH_MACHINE_CODE, MATERIAL_CODE, MATERIAL_DESC, STRUCTURE_NAME, DAILY_PLAN_QTY, SCHEDULE_DATE, CLASS1_PLAN_QTY, CLASS2_PLAN_QTY, CLASS3_PLAN_QTY, EMBRYO_STOCK) VALUES ('K2015', '3302002194', '255/70R22.5    QF518', '255/70R22.5', 18, '2025-01-15', 18, 0, 0, 74);
INSERT INTO T_LH_SCHEDULE_RESULT (LH_MACHINE_CODE, MATERIAL_CODE, MATERIAL_DESC, STRUCTURE_NAME, DAILY_PLAN_QTY, SCHEDULE_DATE, CLASS1_PLAN_QTY, CLASS2_PLAN_QTY, CLASS3_PLAN_QTY, EMBRYO_STOCK) VALUES ('编制人người làm：                                                                                                                           审核人người xem xét：                                        ', 'nan', 'nan', '', 0, '2025-01-15', 0, 0, 0, 0);

-- ========== 物料主数据 ==========
INSERT INTO T_MDM_MATERIAL_INFO (MATERIAL_CODE, MATERIAL_NAME, MATERIAL_DESC, PRODUCT_STRUCTURE, MAIN_PATTERN, PATTERN, IS_MAIN_PRODUCT, VULCANIZE_TIME_MINUTES, EMBRYO_CODE) VALUES ('3302000465', '315/70R22.5    JD575', '315/70R22.5    JD575', '315/70R22.5', 'JD575', 'JD575', 1, 13, '3302000465');
INSERT INTO T_MDM_MATERIAL_INFO (MATERIAL_CODE, MATERIAL_NAME, MATERIAL_DESC, PRODUCT_STRUCTURE, MAIN_PATTERN, PATTERN, IS_MAIN_PRODUCT, VULCANIZE_TIME_MINUTES, EMBRYO_CODE) VALUES ('3302001591', '315/70R22.5    JD577', '315/70R22.5    JD577', '315/70R22.5', 'JD577', 'JD577', 1, 13, '3302001591');
INSERT INTO T_MDM_MATERIAL_INFO (MATERIAL_CODE, MATERIAL_NAME, MATERIAL_DESC, PRODUCT_STRUCTURE, MAIN_PATTERN, PATTERN, IS_MAIN_PRODUCT, VULCANIZE_TIME_MINUTES, EMBRYO_CODE) VALUES ('3302002353', '295/80R22.5    AT505', '295/80R22.5    AT505', '295/80R22.5', 'AT505', 'AT505', 1, 13, '3302002353');
INSERT INTO T_MDM_MATERIAL_INFO (MATERIAL_CODE, MATERIAL_NAME, MATERIAL_DESC, PRODUCT_STRUCTURE, MAIN_PATTERN, PATTERN, IS_MAIN_PRODUCT, VULCANIZE_TIME_MINUTES, EMBRYO_CODE) VALUES ('3302001311', '255/70R22.5    AT505', '255/70R22.5    AT505', '255/70R22.5', 'AT505', 'AT505', 1, 13, '3302001311');
INSERT INTO T_MDM_MATERIAL_INFO (MATERIAL_CODE, MATERIAL_NAME, MATERIAL_DESC, PRODUCT_STRUCTURE, MAIN_PATTERN, PATTERN, IS_MAIN_PRODUCT, VULCANIZE_TIME_MINUTES, EMBRYO_CODE) VALUES ('3302001885', '215/75R17.5    AT505', '215/75R17.5    AT505', '215/75R17.5', 'AT505', 'AT505', 1, 13, '3302001885');
INSERT INTO T_MDM_MATERIAL_INFO (MATERIAL_CODE, MATERIAL_NAME, MATERIAL_DESC, PRODUCT_STRUCTURE, MAIN_PATTERN, PATTERN, IS_MAIN_PRODUCT, VULCANIZE_TIME_MINUTES, EMBRYO_CODE) VALUES ('3302001364', '315/70R22.5    JW592', '315/70R22.5    JW592', '315/70R22.5', 'JW592', 'JW592', 1, 13, '3302001364');
INSERT INTO T_MDM_MATERIAL_INFO (MATERIAL_CODE, MATERIAL_NAME, MATERIAL_DESC, PRODUCT_STRUCTURE, MAIN_PATTERN, PATTERN, IS_MAIN_PRODUCT, VULCANIZE_TIME_MINUTES, EMBRYO_CODE) VALUES ('3302001078', '295/75R22.5    AD507', '295/75R22.5    AD507', '295/75R22.5', 'AD507', 'AD507', 1, 13, '3302001078');
INSERT INTO T_MDM_MATERIAL_INFO (MATERIAL_CODE, MATERIAL_NAME, MATERIAL_DESC, PRODUCT_STRUCTURE, MAIN_PATTERN, PATTERN, IS_MAIN_PRODUCT, VULCANIZE_TIME_MINUTES, EMBRYO_CODE) VALUES ('3302001202', '225/70R19.5    AT505', '225/70R19.5    AT505', '225/70R19.5', 'AT505', 'AT505', 1, 13, '3302001202');
INSERT INTO T_MDM_MATERIAL_INFO (MATERIAL_CODE, MATERIAL_NAME, MATERIAL_DESC, PRODUCT_STRUCTURE, MAIN_PATTERN, PATTERN, IS_MAIN_PRODUCT, VULCANIZE_TIME_MINUTES, EMBRYO_CODE) VALUES ('3302001589', '315/70R22.5    BD177', '315/70R22.5    BD177', '315/70R22.5', 'BD177', 'BD177', 1, 13, '3302001589');
INSERT INTO T_MDM_MATERIAL_INFO (MATERIAL_CODE, MATERIAL_NAME, MATERIAL_DESC, PRODUCT_STRUCTURE, MAIN_PATTERN, PATTERN, IS_MAIN_PRODUCT, VULCANIZE_TIME_MINUTES, EMBRYO_CODE) VALUES ('3302001716', '315/70R22.5    EDL11', '315/70R22.5    EDL11', '315/70R22.5', 'EDL11', 'EDL11', 1, 13, '3302001716');
INSERT INTO T_MDM_MATERIAL_INFO (MATERIAL_CODE, MATERIAL_NAME, MATERIAL_DESC, PRODUCT_STRUCTURE, MAIN_PATTERN, PATTERN, IS_MAIN_PRODUCT, VULCANIZE_TIME_MINUTES, EMBRYO_CODE) VALUES ('3302002295', '255/70R22.5    UT129', '255/70R22.5    UT129', '255/70R22.5', 'UT129', 'UT129', 1, 13, '3302002295');
INSERT INTO T_MDM_MATERIAL_INFO (MATERIAL_CODE, MATERIAL_NAME, MATERIAL_DESC, PRODUCT_STRUCTURE, MAIN_PATTERN, PATTERN, IS_MAIN_PRODUCT, VULCANIZE_TIME_MINUTES, EMBRYO_CODE) VALUES ('3302000467', '315/70R22.5    BD175', '315/70R22.5    BD175', '315/70R22.5', 'BD175', 'BD175', 1, 13, '3302000467');
INSERT INTO T_MDM_MATERIAL_INFO (MATERIAL_CODE, MATERIAL_NAME, MATERIAL_DESC, PRODUCT_STRUCTURE, MAIN_PATTERN, PATTERN, IS_MAIN_PRODUCT, VULCANIZE_TIME_MINUTES, EMBRYO_CODE) VALUES ('3302000750', '295/80R22.5    BD175', '295/80R22.5    BD175', '295/80R22.5', 'BD175', 'BD175', 1, 13, '3302000750');
INSERT INTO T_MDM_MATERIAL_INFO (MATERIAL_CODE, MATERIAL_NAME, MATERIAL_DESC, PRODUCT_STRUCTURE, MAIN_PATTERN, PATTERN, IS_MAIN_PRODUCT, VULCANIZE_TIME_MINUTES, EMBRYO_CODE) VALUES ('3302002357', '225/70R19.5    AD515', '225/70R19.5    AD515', '225/70R19.5', 'AD515', 'AD515', 1, 13, '3302002357');
INSERT INTO T_MDM_MATERIAL_INFO (MATERIAL_CODE, MATERIAL_NAME, MATERIAL_DESC, PRODUCT_STRUCTURE, MAIN_PATTERN, PATTERN, IS_MAIN_PRODUCT, VULCANIZE_TIME_MINUTES, EMBRYO_CODE) VALUES ('3302002396', '225/70R19.5    QD720', '225/70R19.5    QD720', '225/70R19.5', 'QD720', 'QD720', 1, 13, '3302002396');
INSERT INTO T_MDM_MATERIAL_INFO (MATERIAL_CODE, MATERIAL_NAME, MATERIAL_DESC, PRODUCT_STRUCTURE, MAIN_PATTERN, PATTERN, IS_MAIN_PRODUCT, VULCANIZE_TIME_MINUTES, EMBRYO_CODE) VALUES ('3302001541', '215/75R17.5    JF518', '215/75R17.5    JF518', '215/75R17.5', 'JF518', 'JF518', 1, 13, '3302001541');
INSERT INTO T_MDM_MATERIAL_INFO (MATERIAL_CODE, MATERIAL_NAME, MATERIAL_DESC, PRODUCT_STRUCTURE, MAIN_PATTERN, PATTERN, IS_MAIN_PRODUCT, VULCANIZE_TIME_MINUTES, EMBRYO_CODE) VALUES ('3302002191', '225/70R19.5    QF518', '225/70R19.5    QF518', '225/70R19.5', 'QF518', 'QF518', 1, 13, '3302002191');
INSERT INTO T_MDM_MATERIAL_INFO (MATERIAL_CODE, MATERIAL_NAME, MATERIAL_DESC, PRODUCT_STRUCTURE, MAIN_PATTERN, PATTERN, IS_MAIN_PRODUCT, VULCANIZE_TIME_MINUTES, EMBRYO_CODE) VALUES ('3302001038', '215/75R17.5    BT165', '215/75R17.5    BT165', '215/75R17.5', 'BT165', 'BT165', 1, 13, '3302001038');
INSERT INTO T_MDM_MATERIAL_INFO (MATERIAL_CODE, MATERIAL_NAME, MATERIAL_DESC, PRODUCT_STRUCTURE, MAIN_PATTERN, PATTERN, IS_MAIN_PRODUCT, VULCANIZE_TIME_MINUTES, EMBRYO_CODE) VALUES ('3302001884', '215/75R17.5    BF188', '215/75R17.5    BF188', '215/75R17.5', 'BF188', 'BF188', 1, 13, '3302001884');
INSERT INTO T_MDM_MATERIAL_INFO (MATERIAL_CODE, MATERIAL_NAME, MATERIAL_DESC, PRODUCT_STRUCTURE, MAIN_PATTERN, PATTERN, IS_MAIN_PRODUCT, VULCANIZE_TIME_MINUTES, EMBRYO_CODE) VALUES ('3302000245', '215/75R17.5    JF568', '215/75R17.5    JF568', '215/75R17.5', 'JF568', 'JF568', 1, 13, '3302000245');
INSERT INTO T_MDM_MATERIAL_INFO (MATERIAL_CODE, MATERIAL_NAME, MATERIAL_DESC, PRODUCT_STRUCTURE, MAIN_PATTERN, PATTERN, IS_MAIN_PRODUCT, VULCANIZE_TIME_MINUTES, EMBRYO_CODE) VALUES ('3302002359', '225/70R19.5    EAR30', '225/70R19.5    EAR30', '225/70R19.5', 'EAR30', 'EAR30', 1, 13, '3302002359');
INSERT INTO T_MDM_MATERIAL_INFO (MATERIAL_CODE, MATERIAL_NAME, MATERIAL_DESC, PRODUCT_STRUCTURE, MAIN_PATTERN, PATTERN, IS_MAIN_PRODUCT, VULCANIZE_TIME_MINUTES, EMBRYO_CODE) VALUES ('3302001761', '295/75R22.5    AT159', '295/75R22.5    AT159', '295/75R22.5', 'AT159', 'AT159', 1, 13, '3302001761');
INSERT INTO T_MDM_MATERIAL_INFO (MATERIAL_CODE, MATERIAL_NAME, MATERIAL_DESC, PRODUCT_STRUCTURE, MAIN_PATTERN, PATTERN, IS_MAIN_PRODUCT, VULCANIZE_TIME_MINUTES, EMBRYO_CODE) VALUES ('3302002521', '295/75R22.5    QT582', '295/75R22.5    QT582', '295/75R22.5', 'QT582', 'QT582', 1, 13, '3302002521');
INSERT INTO T_MDM_MATERIAL_INFO (MATERIAL_CODE, MATERIAL_NAME, MATERIAL_DESC, PRODUCT_STRUCTURE, MAIN_PATTERN, PATTERN, IS_MAIN_PRODUCT, VULCANIZE_TIME_MINUTES, EMBRYO_CODE) VALUES ('3302002217', '295/80R22.5    UD188', '295/80R22.5    UD188', '295/80R22.5', 'UD188', 'UD188', 1, 13, '3302002217');
INSERT INTO T_MDM_MATERIAL_INFO (MATERIAL_CODE, MATERIAL_NAME, MATERIAL_DESC, PRODUCT_STRUCTURE, MAIN_PATTERN, PATTERN, IS_MAIN_PRODUCT, VULCANIZE_TIME_MINUTES, EMBRYO_CODE) VALUES ('3302001404', '295/80R22.5    JF568', '295/80R22.5    JF568', '295/80R22.5', 'JF568', 'JF568', 1, 13, '3302001404');
INSERT INTO T_MDM_MATERIAL_INFO (MATERIAL_CODE, MATERIAL_NAME, MATERIAL_DESC, PRODUCT_STRUCTURE, MAIN_PATTERN, PATTERN, IS_MAIN_PRODUCT, VULCANIZE_TIME_MINUTES, EMBRYO_CODE) VALUES ('3302001405', '295/80R22.5    BT165', '295/80R22.5    BT165', '295/80R22.5', 'BT165', 'BT165', 1, 13, '3302001405');
INSERT INTO T_MDM_MATERIAL_INFO (MATERIAL_CODE, MATERIAL_NAME, MATERIAL_DESC, PRODUCT_STRUCTURE, MAIN_PATTERN, PATTERN, IS_MAIN_PRODUCT, VULCANIZE_TIME_MINUTES, EMBRYO_CODE) VALUES ('3302001002', '295/80R22.5    AD506', '295/80R22.5    AD506', '295/80R22.5', 'AD506', 'AD506', 1, 13, '3302001002');
INSERT INTO T_MDM_MATERIAL_INFO (MATERIAL_CODE, MATERIAL_NAME, MATERIAL_DESC, PRODUCT_STRUCTURE, MAIN_PATTERN, PATTERN, IS_MAIN_PRODUCT, VULCANIZE_TIME_MINUTES, EMBRYO_CODE) VALUES ('3302002190', '215/75R17.5    QF568', '215/75R17.5    QF568', '215/75R17.5', 'QF568', 'QF568', 1, 13, '3302002190');
INSERT INTO T_MDM_MATERIAL_INFO (MATERIAL_CODE, MATERIAL_NAME, MATERIAL_DESC, PRODUCT_STRUCTURE, MAIN_PATTERN, PATTERN, IS_MAIN_PRODUCT, VULCANIZE_TIME_MINUTES, EMBRYO_CODE) VALUES ('3302001717', '315/70R22.5    EDR51', '315/70R22.5    EDR51', '315/70R22.5', 'EDR51', 'EDR51', 1, 13, '3302001717');
INSERT INTO T_MDM_MATERIAL_INFO (MATERIAL_CODE, MATERIAL_NAME, MATERIAL_DESC, PRODUCT_STRUCTURE, MAIN_PATTERN, PATTERN, IS_MAIN_PRODUCT, VULCANIZE_TIME_MINUTES, EMBRYO_CODE) VALUES ('3302000466', '315/70R22.5    JD565', '315/70R22.5    JD565', '315/70R22.5', 'JD565', 'JD565', 1, 13, '3302000466');
INSERT INTO T_MDM_MATERIAL_INFO (MATERIAL_CODE, MATERIAL_NAME, MATERIAL_DESC, PRODUCT_STRUCTURE, MAIN_PATTERN, PATTERN, IS_MAIN_PRODUCT, VULCANIZE_TIME_MINUTES, EMBRYO_CODE) VALUES ('3302001586', '295/80R22.5    JF518', '295/80R22.5    JF518', '295/80R22.5', 'JF518', 'JF518', 1, 13, '3302001586');
INSERT INTO T_MDM_MATERIAL_INFO (MATERIAL_CODE, MATERIAL_NAME, MATERIAL_DESC, PRODUCT_STRUCTURE, MAIN_PATTERN, PATTERN, IS_MAIN_PRODUCT, VULCANIZE_TIME_MINUTES, EMBRYO_CODE) VALUES ('3302001590', '315/70R22.5    BF188', '315/70R22.5    BF188', '315/70R22.5', 'BF188', 'BF188', 1, 13, '3302001590');
INSERT INTO T_MDM_MATERIAL_INFO (MATERIAL_CODE, MATERIAL_NAME, MATERIAL_DESC, PRODUCT_STRUCTURE, MAIN_PATTERN, PATTERN, IS_MAIN_PRODUCT, VULCANIZE_TIME_MINUTES, EMBRYO_CODE) VALUES ('3302002348', '315/70R22.5    BW292', '315/70R22.5    BW292', '315/70R22.5', 'BW292', 'BW292', 1, 13, '3302002348');
INSERT INTO T_MDM_MATERIAL_INFO (MATERIAL_CODE, MATERIAL_NAME, MATERIAL_DESC, PRODUCT_STRUCTURE, MAIN_PATTERN, PATTERN, IS_MAIN_PRODUCT, VULCANIZE_TIME_MINUTES, EMBRYO_CODE) VALUES ('3302002392', '295/80R22.5    EDW85', '295/80R22.5    EDW85', '295/80R22.5', 'EDW85', 'EDW85', 1, 13, '3302002392');

-- ========== 胎胚库存数据 ==========
INSERT INTO T_CX_STOCK (STOCK_DATE, EMBRYO_CODE, STOCK_NUM, OVER_TIME_STOCK, MODIFY_NUM, BAD_NUM, IS_ENDING_SKU) VALUES ('2025-01-15', '3302000465', 67, 0, 0, 0, 0);
INSERT INTO T_CX_STOCK (STOCK_DATE, EMBRYO_CODE, STOCK_NUM, OVER_TIME_STOCK, MODIFY_NUM, BAD_NUM, IS_ENDING_SKU) VALUES ('2025-01-15', '3302001591', 84, 0, 0, 0, 0);
INSERT INTO T_CX_STOCK (STOCK_DATE, EMBRYO_CODE, STOCK_NUM, OVER_TIME_STOCK, MODIFY_NUM, BAD_NUM, IS_ENDING_SKU) VALUES ('2025-01-15', '3302002353', 36, 0, 0, 0, 0);
INSERT INTO T_CX_STOCK (STOCK_DATE, EMBRYO_CODE, STOCK_NUM, OVER_TIME_STOCK, MODIFY_NUM, BAD_NUM, IS_ENDING_SKU) VALUES ('2025-01-15', '3302001311', 74, 0, 0, 0, 0);
INSERT INTO T_CX_STOCK (STOCK_DATE, EMBRYO_CODE, STOCK_NUM, OVER_TIME_STOCK, MODIFY_NUM, BAD_NUM, IS_ENDING_SKU) VALUES ('2025-01-15', '3302001885', 22, 0, 0, 0, 0);
INSERT INTO T_CX_STOCK (STOCK_DATE, EMBRYO_CODE, STOCK_NUM, OVER_TIME_STOCK, MODIFY_NUM, BAD_NUM, IS_ENDING_SKU) VALUES ('2025-01-15', '3302001364', 41, 0, 0, 0, 0);
INSERT INTO T_CX_STOCK (STOCK_DATE, EMBRYO_CODE, STOCK_NUM, OVER_TIME_STOCK, MODIFY_NUM, BAD_NUM, IS_ENDING_SKU) VALUES ('2025-01-15', '3302001078', 31, 0, 0, 0, 0);
INSERT INTO T_CX_STOCK (STOCK_DATE, EMBRYO_CODE, STOCK_NUM, OVER_TIME_STOCK, MODIFY_NUM, BAD_NUM, IS_ENDING_SKU) VALUES ('2025-01-15', '3302001202', 73, 0, 0, 0, 0);
INSERT INTO T_CX_STOCK (STOCK_DATE, EMBRYO_CODE, STOCK_NUM, OVER_TIME_STOCK, MODIFY_NUM, BAD_NUM, IS_ENDING_SKU) VALUES ('2025-01-15', '3302000465', 67, 0, 0, 0, 0);
INSERT INTO T_CX_STOCK (STOCK_DATE, EMBRYO_CODE, STOCK_NUM, OVER_TIME_STOCK, MODIFY_NUM, BAD_NUM, IS_ENDING_SKU) VALUES ('2025-01-15', '3302001589', 84, 0, 0, 0, 0);
INSERT INTO T_CX_STOCK (STOCK_DATE, EMBRYO_CODE, STOCK_NUM, OVER_TIME_STOCK, MODIFY_NUM, BAD_NUM, IS_ENDING_SKU) VALUES ('2025-01-15', '3302001716', 84, 0, 0, 0, 0);
INSERT INTO T_CX_STOCK (STOCK_DATE, EMBRYO_CODE, STOCK_NUM, OVER_TIME_STOCK, MODIFY_NUM, BAD_NUM, IS_ENDING_SKU) VALUES ('2025-01-15', '3302002295', 74, 0, 0, 0, 0);
INSERT INTO T_CX_STOCK (STOCK_DATE, EMBRYO_CODE, STOCK_NUM, OVER_TIME_STOCK, MODIFY_NUM, BAD_NUM, IS_ENDING_SKU) VALUES ('2025-01-15', '3302000467', 50, 0, 0, 0, 0);
INSERT INTO T_CX_STOCK (STOCK_DATE, EMBRYO_CODE, STOCK_NUM, OVER_TIME_STOCK, MODIFY_NUM, BAD_NUM, IS_ENDING_SKU) VALUES ('2025-01-15', '3302000750', 11, 0, 0, 0, 0);
INSERT INTO T_CX_STOCK (STOCK_DATE, EMBRYO_CODE, STOCK_NUM, OVER_TIME_STOCK, MODIFY_NUM, BAD_NUM, IS_ENDING_SKU) VALUES ('2025-01-15', '3302002357', 14, 0, 0, 0, 0);
INSERT INTO T_CX_STOCK (STOCK_DATE, EMBRYO_CODE, STOCK_NUM, OVER_TIME_STOCK, MODIFY_NUM, BAD_NUM, IS_ENDING_SKU) VALUES ('2025-01-15', '3302002396', 14, 0, 0, 0, 0);
INSERT INTO T_CX_STOCK (STOCK_DATE, EMBRYO_CODE, STOCK_NUM, OVER_TIME_STOCK, MODIFY_NUM, BAD_NUM, IS_ENDING_SKU) VALUES ('2025-01-15', '3302000467', 50, 0, 0, 0, 0);
INSERT INTO T_CX_STOCK (STOCK_DATE, EMBRYO_CODE, STOCK_NUM, OVER_TIME_STOCK, MODIFY_NUM, BAD_NUM, IS_ENDING_SKU) VALUES ('2025-01-15', '3302001541', 22, 0, 0, 0, 0);
INSERT INTO T_CX_STOCK (STOCK_DATE, EMBRYO_CODE, STOCK_NUM, OVER_TIME_STOCK, MODIFY_NUM, BAD_NUM, IS_ENDING_SKU) VALUES ('2025-01-15', '3302002191', 73, 0, 0, 0, 0);
INSERT INTO T_CX_STOCK (STOCK_DATE, EMBRYO_CODE, STOCK_NUM, OVER_TIME_STOCK, MODIFY_NUM, BAD_NUM, IS_ENDING_SKU) VALUES ('2025-01-15', '3302001589', 84, 0, 0, 0, 0);
INSERT INTO T_CX_STOCK (STOCK_DATE, EMBRYO_CODE, STOCK_NUM, OVER_TIME_STOCK, MODIFY_NUM, BAD_NUM, IS_ENDING_SKU) VALUES ('2025-01-15', '3302001589', 84, 0, 0, 0, 0);
INSERT INTO T_CX_STOCK (STOCK_DATE, EMBRYO_CODE, STOCK_NUM, OVER_TIME_STOCK, MODIFY_NUM, BAD_NUM, IS_ENDING_SKU) VALUES ('2025-01-15', '3302001038', 22, 0, 0, 0, 0);
INSERT INTO T_CX_STOCK (STOCK_DATE, EMBRYO_CODE, STOCK_NUM, OVER_TIME_STOCK, MODIFY_NUM, BAD_NUM, IS_ENDING_SKU) VALUES ('2025-01-15', '3302001885', 22, 0, 0, 0, 0);
INSERT INTO T_CX_STOCK (STOCK_DATE, EMBRYO_CODE, STOCK_NUM, OVER_TIME_STOCK, MODIFY_NUM, BAD_NUM, IS_ENDING_SKU) VALUES ('2025-01-15', '3302001884', 22, 0, 0, 0, 0);
INSERT INTO T_CX_STOCK (STOCK_DATE, EMBRYO_CODE, STOCK_NUM, OVER_TIME_STOCK, MODIFY_NUM, BAD_NUM, IS_ENDING_SKU) VALUES ('2025-01-15', '3302001202', 73, 0, 0, 0, 0);
INSERT INTO T_CX_STOCK (STOCK_DATE, EMBRYO_CODE, STOCK_NUM, OVER_TIME_STOCK, MODIFY_NUM, BAD_NUM, IS_ENDING_SKU) VALUES ('2025-01-15', '3302001202', 73, 0, 0, 0, 0);
INSERT INTO T_CX_STOCK (STOCK_DATE, EMBRYO_CODE, STOCK_NUM, OVER_TIME_STOCK, MODIFY_NUM, BAD_NUM, IS_ENDING_SKU) VALUES ('2025-01-15', '3302000245', 22, 0, 0, 0, 0);
INSERT INTO T_CX_STOCK (STOCK_DATE, EMBRYO_CODE, STOCK_NUM, OVER_TIME_STOCK, MODIFY_NUM, BAD_NUM, IS_ENDING_SKU) VALUES ('2025-01-15', '3302002359', 73, 0, 0, 0, 0);
INSERT INTO T_CX_STOCK (STOCK_DATE, EMBRYO_CODE, STOCK_NUM, OVER_TIME_STOCK, MODIFY_NUM, BAD_NUM, IS_ENDING_SKU) VALUES ('2025-01-15', '3302001761', 18, 0, 0, 0, 0);
INSERT INTO T_CX_STOCK (STOCK_DATE, EMBRYO_CODE, STOCK_NUM, OVER_TIME_STOCK, MODIFY_NUM, BAD_NUM, IS_ENDING_SKU) VALUES ('2025-01-15', '3302002521', 18, 0, 0, 0, 0);
INSERT INTO T_CX_STOCK (STOCK_DATE, EMBRYO_CODE, STOCK_NUM, OVER_TIME_STOCK, MODIFY_NUM, BAD_NUM, IS_ENDING_SKU) VALUES ('2025-01-15', '3302002217', 1, 0, 0, 0, 0);
INSERT INTO T_CX_STOCK (STOCK_DATE, EMBRYO_CODE, STOCK_NUM, OVER_TIME_STOCK, MODIFY_NUM, BAD_NUM, IS_ENDING_SKU) VALUES ('2025-01-15', '3302001404', 36, 0, 0, 0, 0);
INSERT INTO T_CX_STOCK (STOCK_DATE, EMBRYO_CODE, STOCK_NUM, OVER_TIME_STOCK, MODIFY_NUM, BAD_NUM, IS_ENDING_SKU) VALUES ('2025-01-15', '3302001405', 36, 0, 0, 0, 0);
INSERT INTO T_CX_STOCK (STOCK_DATE, EMBRYO_CODE, STOCK_NUM, OVER_TIME_STOCK, MODIFY_NUM, BAD_NUM, IS_ENDING_SKU) VALUES ('2025-01-15', '3302001002', 11, 0, 0, 0, 0);
INSERT INTO T_CX_STOCK (STOCK_DATE, EMBRYO_CODE, STOCK_NUM, OVER_TIME_STOCK, MODIFY_NUM, BAD_NUM, IS_ENDING_SKU) VALUES ('2025-01-15', '3302002190', 22, 0, 0, 0, 0);
INSERT INTO T_CX_STOCK (STOCK_DATE, EMBRYO_CODE, STOCK_NUM, OVER_TIME_STOCK, MODIFY_NUM, BAD_NUM, IS_ENDING_SKU) VALUES ('2025-01-15', '3302001717', 18, 0, 0, 0, 0);
INSERT INTO T_CX_STOCK (STOCK_DATE, EMBRYO_CODE, STOCK_NUM, OVER_TIME_STOCK, MODIFY_NUM, BAD_NUM, IS_ENDING_SKU) VALUES ('2025-01-15', '3302000466', 22, 0, 0, 0, 0);
INSERT INTO T_CX_STOCK (STOCK_DATE, EMBRYO_CODE, STOCK_NUM, OVER_TIME_STOCK, MODIFY_NUM, BAD_NUM, IS_ENDING_SKU) VALUES ('2025-01-15', '3302001586', 36, 0, 0, 0, 0);
INSERT INTO T_CX_STOCK (STOCK_DATE, EMBRYO_CODE, STOCK_NUM, OVER_TIME_STOCK, MODIFY_NUM, BAD_NUM, IS_ENDING_SKU) VALUES ('2025-01-15', '3302000467', 50, 0, 0, 0, 0);
INSERT INTO T_CX_STOCK (STOCK_DATE, EMBRYO_CODE, STOCK_NUM, OVER_TIME_STOCK, MODIFY_NUM, BAD_NUM, IS_ENDING_SKU) VALUES ('2025-01-15', '3302001590', 33, 0, 0, 0, 0);
INSERT INTO T_CX_STOCK (STOCK_DATE, EMBRYO_CODE, STOCK_NUM, OVER_TIME_STOCK, MODIFY_NUM, BAD_NUM, IS_ENDING_SKU) VALUES ('2025-01-15', '3302002348', 41, 0, 0, 0, 0);
INSERT INTO T_CX_STOCK (STOCK_DATE, EMBRYO_CODE, STOCK_NUM, OVER_TIME_STOCK, MODIFY_NUM, BAD_NUM, IS_ENDING_SKU) VALUES ('2025-01-15', '3302002392', 14, 0, 0, 0, 0);
INSERT INTO T_CX_STOCK (STOCK_DATE, EMBRYO_CODE, STOCK_NUM, OVER_TIME_STOCK, MODIFY_NUM, BAD_NUM, IS_ENDING_SKU) VALUES ('2025-01-15', '3302000750', 11, 0, 0, 0, 0);

-- ========== 月计划数据 ==========
INSERT INTO T_FACTORY_MONTH_PLAN_PRODUCTION_FINAL_RESULT (MATERIAL_CODE, MATERIAL_DESC, PLAN_QTY, RUBBER_TYPE, PLAN_MONTH, PLAN_YEAR) VALUES ('3302001541', '215/75R17.5     JF518', 466, 'T105', '2025-01', 2025);
INSERT INTO T_FACTORY_MONTH_PLAN_PRODUCTION_FINAL_RESULT (MATERIAL_CODE, MATERIAL_DESC, PLAN_QTY, RUBBER_TYPE, PLAN_MONTH, PLAN_YEAR) VALUES ('3302000245', '215/75R17.5     JF568', 800, 'T105', '2025-01', 2025);
INSERT INTO T_FACTORY_MONTH_PLAN_PRODUCTION_FINAL_RESULT (MATERIAL_CODE, MATERIAL_DESC, PLAN_QTY, RUBBER_TYPE, PLAN_MONTH, PLAN_YEAR) VALUES ('3302002190', '215/75R17.5     QF568', 168, 'T105', '2025-01', 2025);
INSERT INTO T_FACTORY_MONTH_PLAN_PRODUCTION_FINAL_RESULT (MATERIAL_CODE, MATERIAL_DESC, PLAN_QTY, RUBBER_TYPE, PLAN_MONTH, PLAN_YEAR) VALUES ('3302001884', '215/75R17.5     BF188', 800, 'T105', '2025-01', 2025);
INSERT INTO T_FACTORY_MONTH_PLAN_PRODUCTION_FINAL_RESULT (MATERIAL_CODE, MATERIAL_DESC, PLAN_QTY, RUBBER_TYPE, PLAN_MONTH, PLAN_YEAR) VALUES ('3302001885', '215/75R17.5     AT505', 800, 'T105', '2025-01', 2025);
INSERT INTO T_FACTORY_MONTH_PLAN_PRODUCTION_FINAL_RESULT (MATERIAL_CODE, MATERIAL_DESC, PLAN_QTY, RUBBER_TYPE, PLAN_MONTH, PLAN_YEAR) VALUES ('3302001038', '215/75R17.5     BT165', 2000, 'T105', '2025-01', 2025);
INSERT INTO T_FACTORY_MONTH_PLAN_PRODUCTION_FINAL_RESULT (MATERIAL_CODE, MATERIAL_DESC, PLAN_QTY, RUBBER_TYPE, PLAN_MONTH, PLAN_YEAR) VALUES ('3302002530', '215/75R17.5     EAR30', 358, 'T105', '2025-01', 2025);
INSERT INTO T_FACTORY_MONTH_PLAN_PRODUCTION_FINAL_RESULT (MATERIAL_CODE, MATERIAL_DESC, PLAN_QTY, RUBBER_TYPE, PLAN_MONTH, PLAN_YEAR) VALUES ('3302002095', '215/75R17.5     VT30 ', 160, 'T105', '2025-01', 2025);
INSERT INTO T_FACTORY_MONTH_PLAN_PRODUCTION_FINAL_RESULT (MATERIAL_CODE, MATERIAL_DESC, PLAN_QTY, RUBBER_TYPE, PLAN_MONTH, PLAN_YEAR) VALUES ('3302000250', '215/75R17.5     JD575', 800, 'T105', '2025-01', 2025);
INSERT INTO T_FACTORY_MONTH_PLAN_PRODUCTION_FINAL_RESULT (MATERIAL_CODE, MATERIAL_DESC, PLAN_QTY, RUBBER_TYPE, PLAN_MONTH, PLAN_YEAR) VALUES ('3302001058', '215/75R17.5     BD175', 2000, 'T105', '2025-01', 2025);
INSERT INTO T_FACTORY_MONTH_PLAN_PRODUCTION_FINAL_RESULT (MATERIAL_CODE, MATERIAL_DESC, PLAN_QTY, RUBBER_TYPE, PLAN_MONTH, PLAN_YEAR) VALUES ('3302002531', '215/75R17.5     EDR50', 800, 'T105', '2025-01', 2025);
INSERT INTO T_FACTORY_MONTH_PLAN_PRODUCTION_FINAL_RESULT (MATERIAL_CODE, MATERIAL_DESC, PLAN_QTY, RUBBER_TYPE, PLAN_MONTH, PLAN_YEAR) VALUES ('3302001202', '225/70R19.5     AT505', 2000, 'T105', '2025-01', 2025);
INSERT INTO T_FACTORY_MONTH_PLAN_PRODUCTION_FINAL_RESULT (MATERIAL_CODE, MATERIAL_DESC, PLAN_QTY, RUBBER_TYPE, PLAN_MONTH, PLAN_YEAR) VALUES ('3302002191', '225/70R19.5     QF518', 800, 'T105', '2025-01', 2025);
INSERT INTO T_FACTORY_MONTH_PLAN_PRODUCTION_FINAL_RESULT (MATERIAL_CODE, MATERIAL_DESC, PLAN_QTY, RUBBER_TYPE, PLAN_MONTH, PLAN_YEAR) VALUES ('3302002359', '225/70R19.5     EAR30', 300, 'T105', '2025-01', 2025);
INSERT INTO T_FACTORY_MONTH_PLAN_PRODUCTION_FINAL_RESULT (MATERIAL_CODE, MATERIAL_DESC, PLAN_QTY, RUBBER_TYPE, PLAN_MONTH, PLAN_YEAR) VALUES ('3302002357', '225/70R19.5     AD515', 384, 'T122', '2025-01', 2025);
INSERT INTO T_FACTORY_MONTH_PLAN_PRODUCTION_FINAL_RESULT (MATERIAL_CODE, MATERIAL_DESC, PLAN_QTY, RUBBER_TYPE, PLAN_MONTH, PLAN_YEAR) VALUES ('3302002396', '225/70R19.5     QD720', 50, 'T122', '2025-01', 2025);
INSERT INTO T_FACTORY_MONTH_PLAN_PRODUCTION_FINAL_RESULT (MATERIAL_CODE, MATERIAL_DESC, PLAN_QTY, RUBBER_TYPE, PLAN_MONTH, PLAN_YEAR) VALUES ('3302001311', '255/70R22.5     AT505', 800, 'T105', '2025-01', 2025);
INSERT INTO T_FACTORY_MONTH_PLAN_PRODUCTION_FINAL_RESULT (MATERIAL_CODE, MATERIAL_DESC, PLAN_QTY, RUBBER_TYPE, PLAN_MONTH, PLAN_YEAR) VALUES ('3302001973', '255/70R22.5     VA96 ', 320, 'T105', '2025-01', 2025);
INSERT INTO T_FACTORY_MONTH_PLAN_PRODUCTION_FINAL_RESULT (MATERIAL_CODE, MATERIAL_DESC, PLAN_QTY, RUBBER_TYPE, PLAN_MONTH, PLAN_YEAR) VALUES ('3302002295', '255/70R22.5     UT129', 300, 'T105', '2025-01', 2025);
INSERT INTO T_FACTORY_MONTH_PLAN_PRODUCTION_FINAL_RESULT (MATERIAL_CODE, MATERIAL_DESC, PLAN_QTY, RUBBER_TYPE, PLAN_MONTH, PLAN_YEAR) VALUES ('3302001635', '295/75R22.5     VA96 ', 250, 'T105', '2025-01', 2025);
INSERT INTO T_FACTORY_MONTH_PLAN_PRODUCTION_FINAL_RESULT (MATERIAL_CODE, MATERIAL_DESC, PLAN_QTY, RUBBER_TYPE, PLAN_MONTH, PLAN_YEAR) VALUES ('3302002324', '295/75R22.5     ETL26', 108, 'T105', '2025-01', 2025);
INSERT INTO T_FACTORY_MONTH_PLAN_PRODUCTION_FINAL_RESULT (MATERIAL_CODE, MATERIAL_DESC, PLAN_QTY, RUBBER_TYPE, PLAN_MONTH, PLAN_YEAR) VALUES ('3302002091', '295/75R22.5     UD197', 88, 'T105', '2025-01', 2025);
INSERT INTO T_FACTORY_MONTH_PLAN_PRODUCTION_FINAL_RESULT (MATERIAL_CODE, MATERIAL_DESC, PLAN_QTY, RUBBER_TYPE, PLAN_MONTH, PLAN_YEAR) VALUES ('3302001078', '295/75R22.5     AD507', 2000, 'T105', '2025-01', 2025);
INSERT INTO T_FACTORY_MONTH_PLAN_PRODUCTION_FINAL_RESULT (MATERIAL_CODE, MATERIAL_DESC, PLAN_QTY, RUBBER_TYPE, PLAN_MONTH, PLAN_YEAR) VALUES ('3302002209', '295/75R22.5     QD571', 262, 'T105', '2025-01', 2025);
INSERT INTO T_FACTORY_MONTH_PLAN_PRODUCTION_FINAL_RESULT (MATERIAL_CODE, MATERIAL_DESC, PLAN_QTY, RUBBER_TYPE, PLAN_MONTH, PLAN_YEAR) VALUES ('3302002351', '295/75R22.5     BD171', 800, 'T105', '2025-01', 2025);
INSERT INTO T_FACTORY_MONTH_PLAN_PRODUCTION_FINAL_RESULT (MATERIAL_CODE, MATERIAL_DESC, PLAN_QTY, RUBBER_TYPE, PLAN_MONTH, PLAN_YEAR) VALUES ('3302002521', '295/75R22.5     QT582', 150, 'T105', '2025-01', 2025);
INSERT INTO T_FACTORY_MONTH_PLAN_PRODUCTION_FINAL_RESULT (MATERIAL_CODE, MATERIAL_DESC, PLAN_QTY, RUBBER_TYPE, PLAN_MONTH, PLAN_YEAR) VALUES ('3302001761', '295/75R22.5     AT159', 800, 'T105', '2025-01', 2025);
INSERT INTO T_FACTORY_MONTH_PLAN_PRODUCTION_FINAL_RESULT (MATERIAL_CODE, MATERIAL_DESC, PLAN_QTY, RUBBER_TYPE, PLAN_MONTH, PLAN_YEAR) VALUES ('3302002103', '295/75R22.5     UF195', 160, 'T105', '2025-01', 2025);
INSERT INTO T_FACTORY_MONTH_PLAN_PRODUCTION_FINAL_RESULT (MATERIAL_CODE, MATERIAL_DESC, PLAN_QTY, RUBBER_TYPE, PLAN_MONTH, PLAN_YEAR) VALUES ('3302001765', '295/75R22.5     AT505', 2000, 'T105', '2025-01', 2025);
INSERT INTO T_FACTORY_MONTH_PLAN_PRODUCTION_FINAL_RESULT (MATERIAL_CODE, MATERIAL_DESC, PLAN_QTY, RUBBER_TYPE, PLAN_MONTH, PLAN_YEAR) VALUES ('3302001766', '295/75R22.5     AT505', 800, 'T105', '2025-01', 2025);
INSERT INTO T_FACTORY_MONTH_PLAN_PRODUCTION_FINAL_RESULT (MATERIAL_CODE, MATERIAL_DESC, PLAN_QTY, RUBBER_TYPE, PLAN_MONTH, PLAN_YEAR) VALUES ('3302001654', '295/75R22.5     AD170', 800, 'T105', '2025-01', 2025);
INSERT INTO T_FACTORY_MONTH_PLAN_PRODUCTION_FINAL_RESULT (MATERIAL_CODE, MATERIAL_DESC, PLAN_QTY, RUBBER_TYPE, PLAN_MONTH, PLAN_YEAR) VALUES ('3302001266', '295/75R22.5     AD515', 50, 'T105', '2025-01', 2025);
INSERT INTO T_FACTORY_MONTH_PLAN_PRODUCTION_FINAL_RESULT (MATERIAL_CODE, MATERIAL_DESC, PLAN_QTY, RUBBER_TYPE, PLAN_MONTH, PLAN_YEAR) VALUES ('3302001279', '295/75R22.5     AD515', 298, 'T105', '2025-01', 2025);
INSERT INTO T_FACTORY_MONTH_PLAN_PRODUCTION_FINAL_RESULT (MATERIAL_CODE, MATERIAL_DESC, PLAN_QTY, RUBBER_TYPE, PLAN_MONTH, PLAN_YEAR) VALUES ('3302002210', '295/75R22.5     QD720', 192, 'T105', '2025-01', 2025);
INSERT INTO T_FACTORY_MONTH_PLAN_PRODUCTION_FINAL_RESULT (MATERIAL_CODE, MATERIAL_DESC, PLAN_QTY, RUBBER_TYPE, PLAN_MONTH, PLAN_YEAR) VALUES ('3302002053', '295/80R22.5     AA267', 414, 'T122', '2025-01', 2025);
INSERT INTO T_FACTORY_MONTH_PLAN_PRODUCTION_FINAL_RESULT (MATERIAL_CODE, MATERIAL_DESC, PLAN_QTY, RUBBER_TYPE, PLAN_MONTH, PLAN_YEAR) VALUES ('3302001914', '295/80R22.5     BA267', 50, 'T122', '2025-01', 2025);
INSERT INTO T_FACTORY_MONTH_PLAN_PRODUCTION_FINAL_RESULT (MATERIAL_CODE, MATERIAL_DESC, PLAN_QTY, RUBBER_TYPE, PLAN_MONTH, PLAN_YEAR) VALUES ('3302001139', '295/80R22.5     JD756', 198, 'T133', '2025-01', 2025);
INSERT INTO T_FACTORY_MONTH_PLAN_PRODUCTION_FINAL_RESULT (MATERIAL_CODE, MATERIAL_DESC, PLAN_QTY, RUBBER_TYPE, PLAN_MONTH, PLAN_YEAR) VALUES ('3302001585', '295/80R22.5     BF188', 2000, 'T105', '2025-01', 2025);
INSERT INTO T_FACTORY_MONTH_PLAN_PRODUCTION_FINAL_RESULT (MATERIAL_CODE, MATERIAL_DESC, PLAN_QTY, RUBBER_TYPE, PLAN_MONTH, PLAN_YEAR) VALUES ('3302002353', '295/80R22.5     AT505', 2000, 'T105', '2025-01', 2025);
INSERT INTO T_FACTORY_MONTH_PLAN_PRODUCTION_FINAL_RESULT (MATERIAL_CODE, MATERIAL_DESC, PLAN_QTY, RUBBER_TYPE, PLAN_MONTH, PLAN_YEAR) VALUES ('3302001586', '295/80R22.5     JF518', 378, 'T105', '2025-01', 2025);
INSERT INTO T_FACTORY_MONTH_PLAN_PRODUCTION_FINAL_RESULT (MATERIAL_CODE, MATERIAL_DESC, PLAN_QTY, RUBBER_TYPE, PLAN_MONTH, PLAN_YEAR) VALUES ('3302002061', '295/80R22.5     ESL01', 2000, 'T105', '2025-01', 2025);
INSERT INTO T_FACTORY_MONTH_PLAN_PRODUCTION_FINAL_RESULT (MATERIAL_CODE, MATERIAL_DESC, PLAN_QTY, RUBBER_TYPE, PLAN_MONTH, PLAN_YEAR) VALUES ('3302001404', '295/80R22.5     JF568', 2000, 'T105', '2025-01', 2025);
INSERT INTO T_FACTORY_MONTH_PLAN_PRODUCTION_FINAL_RESULT (MATERIAL_CODE, MATERIAL_DESC, PLAN_QTY, RUBBER_TYPE, PLAN_MONTH, PLAN_YEAR) VALUES ('3302001405', '295/80R22.5     BT165', 450, 'T105', '2025-01', 2025);
INSERT INTO T_FACTORY_MONTH_PLAN_PRODUCTION_FINAL_RESULT (MATERIAL_CODE, MATERIAL_DESC, PLAN_QTY, RUBBER_TYPE, PLAN_MONTH, PLAN_YEAR) VALUES ('3302002417', '295/80R22.5     EAR30', 2000, 'T105', '2025-01', 2025);
INSERT INTO T_FACTORY_MONTH_PLAN_PRODUCTION_FINAL_RESULT (MATERIAL_CODE, MATERIAL_DESC, PLAN_QTY, RUBBER_TYPE, PLAN_MONTH, PLAN_YEAR) VALUES ('3302001584', '295/80R22.5     BD177', 302, 'T105', '2025-01', 2025);
INSERT INTO T_FACTORY_MONTH_PLAN_PRODUCTION_FINAL_RESULT (MATERIAL_CODE, MATERIAL_DESC, PLAN_QTY, RUBBER_TYPE, PLAN_MONTH, PLAN_YEAR) VALUES ('3302000750', '295/80R22.5     BD175', 2000, 'T105', '2025-01', 2025);
INSERT INTO T_FACTORY_MONTH_PLAN_PRODUCTION_FINAL_RESULT (MATERIAL_CODE, MATERIAL_DESC, PLAN_QTY, RUBBER_TYPE, PLAN_MONTH, PLAN_YEAR) VALUES ('3302001002', '295/80R22.5     AD506', 2000, 'T105', '2025-01', 2025);
INSERT INTO T_FACTORY_MONTH_PLAN_PRODUCTION_FINAL_RESULT (MATERIAL_CODE, MATERIAL_DESC, PLAN_QTY, RUBBER_TYPE, PLAN_MONTH, PLAN_YEAR) VALUES ('3302000791', '295/80R22.5     JD565', 150, 'T105', '2025-01', 2025);
INSERT INTO T_FACTORY_MONTH_PLAN_PRODUCTION_FINAL_RESULT (MATERIAL_CODE, MATERIAL_DESC, PLAN_QTY, RUBBER_TYPE, PLAN_MONTH, PLAN_YEAR) VALUES ('3302000442', '295/80R22.5     JD575', 2000, 'T105', '2025-01', 2025);
INSERT INTO T_FACTORY_MONTH_PLAN_PRODUCTION_FINAL_RESULT (MATERIAL_CODE, MATERIAL_DESC, PLAN_QTY, RUBBER_TYPE, PLAN_MONTH, PLAN_YEAR) VALUES ('3302002060', '295/80R22.5     EDR51', 2000, 'T105', '2025-01', 2025);
INSERT INTO T_FACTORY_MONTH_PLAN_PRODUCTION_FINAL_RESULT (MATERIAL_CODE, MATERIAL_DESC, PLAN_QTY, RUBBER_TYPE, PLAN_MONTH, PLAN_YEAR) VALUES ('3302002217', '295/80R22.5     UD188', 800, 'T105', '2025-01', 2025);
INSERT INTO T_FACTORY_MONTH_PLAN_PRODUCTION_FINAL_RESULT (MATERIAL_CODE, MATERIAL_DESC, PLAN_QTY, RUBBER_TYPE, PLAN_MONTH, PLAN_YEAR) VALUES ('3302002022', '295/80R22.5     EDM60', 358, 'T122', '2025-01', 2025);
INSERT INTO T_FACTORY_MONTH_PLAN_PRODUCTION_FINAL_RESULT (MATERIAL_CODE, MATERIAL_DESC, PLAN_QTY, RUBBER_TYPE, PLAN_MONTH, PLAN_YEAR) VALUES ('3302001543', '295/80R22.5     JW592', 478, 'T601', '2025-01', 2025);
INSERT INTO T_FACTORY_MONTH_PLAN_PRODUCTION_FINAL_RESULT (MATERIAL_CODE, MATERIAL_DESC, PLAN_QTY, RUBBER_TYPE, PLAN_MONTH, PLAN_YEAR) VALUES ('3302002391', '295/80R22.5     BW292', 800, 'T601', '2025-01', 2025);
INSERT INTO T_FACTORY_MONTH_PLAN_PRODUCTION_FINAL_RESULT (MATERIAL_CODE, MATERIAL_DESC, PLAN_QTY, RUBBER_TYPE, PLAN_MONTH, PLAN_YEAR) VALUES ('3302002392', '295/80R22.5     EDW85', 278, 'T601', '2025-01', 2025);
INSERT INTO T_FACTORY_MONTH_PLAN_PRODUCTION_FINAL_RESULT (MATERIAL_CODE, MATERIAL_DESC, PLAN_QTY, RUBBER_TYPE, PLAN_MONTH, PLAN_YEAR) VALUES ('3302002456', '295/80R22.5     BD290', 2000, 'T122', '2025-01', 2025);
INSERT INTO T_FACTORY_MONTH_PLAN_PRODUCTION_FINAL_RESULT (MATERIAL_CODE, MATERIAL_DESC, PLAN_QTY, RUBBER_TYPE, PLAN_MONTH, PLAN_YEAR) VALUES ('3302000458', '315/70R22.5     JF568', 2000, 'T105', '2025-01', 2025);
INSERT INTO T_FACTORY_MONTH_PLAN_PRODUCTION_FINAL_RESULT (MATERIAL_CODE, MATERIAL_DESC, PLAN_QTY, RUBBER_TYPE, PLAN_MONTH, PLAN_YEAR) VALUES ('3302000468', '315/70R22.5     BT165', 152, 'T105', '2025-01', 2025);
INSERT INTO T_FACTORY_MONTH_PLAN_PRODUCTION_FINAL_RESULT (MATERIAL_CODE, MATERIAL_DESC, PLAN_QTY, RUBBER_TYPE, PLAN_MONTH, PLAN_YEAR) VALUES ('3302001590', '315/70R22.5     BF188', 2000, 'T105', '2025-01', 2025);
INSERT INTO T_FACTORY_MONTH_PLAN_PRODUCTION_FINAL_RESULT (MATERIAL_CODE, MATERIAL_DESC, PLAN_QTY, RUBBER_TYPE, PLAN_MONTH, PLAN_YEAR) VALUES ('3302001592', '315/70R22.5     JF518', 800, 'T105', '2025-01', 2025);
INSERT INTO T_FACTORY_MONTH_PLAN_PRODUCTION_FINAL_RESULT (MATERIAL_CODE, MATERIAL_DESC, PLAN_QTY, RUBBER_TYPE, PLAN_MONTH, PLAN_YEAR) VALUES ('3302002368', '315/70R22.5     UF195', 82, 'T105', '2025-01', 2025);
INSERT INTO T_FACTORY_MONTH_PLAN_PRODUCTION_FINAL_RESULT (MATERIAL_CODE, MATERIAL_DESC, PLAN_QTY, RUBBER_TYPE, PLAN_MONTH, PLAN_YEAR) VALUES ('3302001591', '315/70R22.5     JD577', 2000, 'T105', '2025-01', 2025);
INSERT INTO T_FACTORY_MONTH_PLAN_PRODUCTION_FINAL_RESULT (MATERIAL_CODE, MATERIAL_DESC, PLAN_QTY, RUBBER_TYPE, PLAN_MONTH, PLAN_YEAR) VALUES ('3302001589', '315/70R22.5     BD177', 2000, 'T105', '2025-01', 2025);
INSERT INTO T_FACTORY_MONTH_PLAN_PRODUCTION_FINAL_RESULT (MATERIAL_CODE, MATERIAL_DESC, PLAN_QTY, RUBBER_TYPE, PLAN_MONTH, PLAN_YEAR) VALUES ('3302001716', '315/70R22.5     EDL11', 2000, 'T105', '2025-01', 2025);
INSERT INTO T_FACTORY_MONTH_PLAN_PRODUCTION_FINAL_RESULT (MATERIAL_CODE, MATERIAL_DESC, PLAN_QTY, RUBBER_TYPE, PLAN_MONTH, PLAN_YEAR) VALUES ('3302000465', '315/70R22.5     JD575', 2000, 'T105', '2025-01', 2025);
INSERT INTO T_FACTORY_MONTH_PLAN_PRODUCTION_FINAL_RESULT (MATERIAL_CODE, MATERIAL_DESC, PLAN_QTY, RUBBER_TYPE, PLAN_MONTH, PLAN_YEAR) VALUES ('3302002374', '315/70R22.5     UD188', 162, 'T105', '2025-01', 2025);
INSERT INTO T_FACTORY_MONTH_PLAN_PRODUCTION_FINAL_RESULT (MATERIAL_CODE, MATERIAL_DESC, PLAN_QTY, RUBBER_TYPE, PLAN_MONTH, PLAN_YEAR) VALUES ('3302001717', '315/70R22.5     EDR51', 2000, 'T105', '2025-01', 2025);
INSERT INTO T_FACTORY_MONTH_PLAN_PRODUCTION_FINAL_RESULT (MATERIAL_CODE, MATERIAL_DESC, PLAN_QTY, RUBBER_TYPE, PLAN_MONTH, PLAN_YEAR) VALUES ('3302000467', '315/70R22.5     BD175', 2000, 'T105', '2025-01', 2025);
INSERT INTO T_FACTORY_MONTH_PLAN_PRODUCTION_FINAL_RESULT (MATERIAL_CODE, MATERIAL_DESC, PLAN_QTY, RUBBER_TYPE, PLAN_MONTH, PLAN_YEAR) VALUES ('3302000466', '315/70R22.5     JD565', 2000, 'T105', '2025-01', 2025);
INSERT INTO T_FACTORY_MONTH_PLAN_PRODUCTION_FINAL_RESULT (MATERIAL_CODE, MATERIAL_DESC, PLAN_QTY, RUBBER_TYPE, PLAN_MONTH, PLAN_YEAR) VALUES ('3302001206', '315/70R22.5     BD165', 380, 'T105', '2025-01', 2025);
INSERT INTO T_FACTORY_MONTH_PLAN_PRODUCTION_FINAL_RESULT (MATERIAL_CODE, MATERIAL_DESC, PLAN_QTY, RUBBER_TYPE, PLAN_MONTH, PLAN_YEAR) VALUES ('3302001364', '315/70R22.5     JW592', 800, 'T601', '2025-01', 2025);
INSERT INTO T_FACTORY_MONTH_PLAN_PRODUCTION_FINAL_RESULT (MATERIAL_CODE, MATERIAL_DESC, PLAN_QTY, RUBBER_TYPE, PLAN_MONTH, PLAN_YEAR) VALUES ('3302002348', '315/70R22.5     BW292', 2000, 'T601', '2025-01', 2025);
INSERT INTO T_FACTORY_MONTH_PLAN_PRODUCTION_FINAL_RESULT (MATERIAL_CODE, MATERIAL_DESC, PLAN_QTY, RUBBER_TYPE, PLAN_MONTH, PLAN_YEAR) VALUES ('3302002363', '315/70R22.5     EDW85', 2000, 'T601', '2025-01', 2025);

-- ========== 结构硫化配比数据 ==========
INSERT INTO T_MDM_STRUCTURE_LH_RATIO (STRUCTURE_NAME, CX_MACHINE_TYPE, MAX_LH_MACHINE_QTY, MAX_EMBRYO_TYPE, TRIP_QTY, IS_ACTIVE) VALUES ('315/70R22.5', '三鼓', 4, 4, 12, 1);
INSERT INTO T_MDM_STRUCTURE_LH_RATIO (STRUCTURE_NAME, CX_MACHINE_TYPE, MAX_LH_MACHINE_QTY, MAX_EMBRYO_TYPE, TRIP_QTY, IS_ACTIVE) VALUES ('295/80R22.5', '三鼓', 4, 4, 12, 1);
INSERT INTO T_MDM_STRUCTURE_LH_RATIO (STRUCTURE_NAME, CX_MACHINE_TYPE, MAX_LH_MACHINE_QTY, MAX_EMBRYO_TYPE, TRIP_QTY, IS_ACTIVE) VALUES ('255/70R22.5', '三鼓', 4, 4, 12, 1);
INSERT INTO T_MDM_STRUCTURE_LH_RATIO (STRUCTURE_NAME, CX_MACHINE_TYPE, MAX_LH_MACHINE_QTY, MAX_EMBRYO_TYPE, TRIP_QTY, IS_ACTIVE) VALUES ('215/75R17.5', '三鼓', 4, 4, 12, 1);
INSERT INTO T_MDM_STRUCTURE_LH_RATIO (STRUCTURE_NAME, CX_MACHINE_TYPE, MAX_LH_MACHINE_QTY, MAX_EMBRYO_TYPE, TRIP_QTY, IS_ACTIVE) VALUES ('295/75R22.5', '三鼓', 4, 4, 12, 1);
INSERT INTO T_MDM_STRUCTURE_LH_RATIO (STRUCTURE_NAME, CX_MACHINE_TYPE, MAX_LH_MACHINE_QTY, MAX_EMBRYO_TYPE, TRIP_QTY, IS_ACTIVE) VALUES ('225/70R19.5', '三鼓', 4, 4, 12, 1);
