-- ============================================
-- APS成型排程系统测试数据 (MySQL版)
-- 基于2026年04月份月度排产计划03.25最新.xlsx
-- 包含：结构硫化配比、机台分配、整车配置
-- ============================================

-- ---------------------------------------------
-- 1. T_MDM_STRUCTURE_LH_RATIO - 结构硫化配比
-- 机型+结构 -> 最大硫化机数、最大胎胚数
-- ---------------------------------------------
DELETE FROM T_MDM_STRUCTURE_LH_RATIO WHERE FACTORY_CODE = '116';

-- H11机型配比
INSERT INTO T_MDM_STRUCTURE_LH_RATIO (CX_MACHINE_TYPE_CODE, STRUCTURE_NAME, LH_MACHINE_MAX_QTY, MAX_EMBRYO_QTY, FACTORY_CODE, CREATE_BY, CREATE_TIME, UPDATE_BY, UPDATE_TIME) VALUES ('H11', '12R22.5-JY711载重零度', 6, 4, '116', 'admin', NOW(), 'admin', NOW());
INSERT INTO T_MDM_STRUCTURE_LH_RATIO (CX_MACHINE_TYPE_CODE, STRUCTURE_NAME, LH_MACHINE_MAX_QTY, MAX_EMBRYO_QTY, FACTORY_CODE, CREATE_BY, CREATE_TIME, UPDATE_BY, UPDATE_TIME) VALUES ('H11', '295/80R22.5', 8, 4, '116', 'admin', NOW(), 'admin', NOW());
INSERT INTO T_MDM_STRUCTURE_LH_RATIO (CX_MACHINE_TYPE_CODE, STRUCTURE_NAME, LH_MACHINE_MAX_QTY, MAX_EMBRYO_QTY, FACTORY_CODE, CREATE_BY, CREATE_TIME, UPDATE_BY, UPDATE_TIME) VALUES ('H11', '315/80R22.5-JF518四层', 8, 4, '116', 'admin', NOW(), 'admin', NOW());
INSERT INTO T_MDM_STRUCTURE_LH_RATIO (CX_MACHINE_TYPE_CODE, STRUCTURE_NAME, LH_MACHINE_MAX_QTY, MAX_EMBRYO_QTY, FACTORY_CODE, CREATE_BY, CREATE_TIME, UPDATE_BY, UPDATE_TIME) VALUES ('H11', '325/95R24', 7, 4, '116', 'admin', NOW(), 'admin', NOW());
INSERT INTO T_MDM_STRUCTURE_LH_RATIO (CX_MACHINE_TYPE_CODE, STRUCTURE_NAME, LH_MACHINE_MAX_QTY, MAX_EMBRYO_QTY, FACTORY_CODE, CREATE_BY, CREATE_TIME, UPDATE_BY, UPDATE_TIME) VALUES ('H11', '385/65R22.5-JY598零度', 7, 3, '116', 'admin', NOW(), 'admin', NOW());
INSERT INTO T_MDM_STRUCTURE_LH_RATIO (CX_MACHINE_TYPE_CODE, STRUCTURE_NAME, LH_MACHINE_MAX_QTY, MAX_EMBRYO_QTY, FACTORY_CODE, CREATE_BY, CREATE_TIME, UPDATE_BY, UPDATE_TIME) VALUES ('H11', '315/80R22.5-JY711零度', 7, 4, '116', 'admin', NOW(), 'admin', NOW());

-- H12机型配比
INSERT INTO T_MDM_STRUCTURE_LH_RATIO (CX_MACHINE_TYPE_CODE, STRUCTURE_NAME, LH_MACHINE_MAX_QTY, MAX_EMBRYO_QTY, FACTORY_CODE, CREATE_BY, CREATE_TIME, UPDATE_BY, UPDATE_TIME) VALUES ('H12', '11R22.5-JD571四层', 7, 3, '116', 'admin', NOW(), 'admin', NOW());
INSERT INTO T_MDM_STRUCTURE_LH_RATIO (CX_MACHINE_TYPE_CODE, STRUCTURE_NAME, LH_MACHINE_MAX_QTY, MAX_EMBRYO_QTY, FACTORY_CODE, CREATE_BY, CREATE_TIME, UPDATE_BY, UPDATE_TIME) VALUES ('H12', '295/75R22.5', 7, 3, '116', 'admin', NOW(), 'admin', NOW());
INSERT INTO T_MDM_STRUCTURE_LH_RATIO (CX_MACHINE_TYPE_CODE, STRUCTURE_NAME, LH_MACHINE_MAX_QTY, MAX_EMBRYO_QTY, FACTORY_CODE, CREATE_BY, CREATE_TIME, UPDATE_BY, UPDATE_TIME) VALUES ('H12', '295/80R22.5', 8, 4, '116', 'admin', NOW(), 'admin', NOW());
INSERT INTO T_MDM_STRUCTURE_LH_RATIO (CX_MACHINE_TYPE_CODE, STRUCTURE_NAME, LH_MACHINE_MAX_QTY, MAX_EMBRYO_QTY, FACTORY_CODE, CREATE_BY, CREATE_TIME, UPDATE_BY, UPDATE_TIME) VALUES ('H12', '315/70R22.5', 8, 3, '116', 'admin', NOW(), 'admin', NOW());
INSERT INTO T_MDM_STRUCTURE_LH_RATIO (CX_MACHINE_TYPE_CODE, STRUCTURE_NAME, LH_MACHINE_MAX_QTY, MAX_EMBRYO_QTY, FACTORY_CODE, CREATE_BY, CREATE_TIME, UPDATE_BY, UPDATE_TIME) VALUES ('H12', '385/65R22.5-JY598零度', 7, 3, '116', 'admin', NOW(), 'admin', NOW());
INSERT INTO T_MDM_STRUCTURE_LH_RATIO (CX_MACHINE_TYPE_CODE, STRUCTURE_NAME, LH_MACHINE_MAX_QTY, MAX_EMBRYO_QTY, FACTORY_CODE, CREATE_BY, CREATE_TIME, UPDATE_BY, UPDATE_TIME) VALUES ('H12', '315/80R22.5-JY711零度', 7, 4, '116', 'admin', NOW(), 'admin', NOW());

-- H13机型配比
INSERT INTO T_MDM_STRUCTURE_LH_RATIO (CX_MACHINE_TYPE_CODE, STRUCTURE_NAME, LH_MACHINE_MAX_QTY, MAX_EMBRYO_QTY, FACTORY_CODE, CREATE_BY, CREATE_TIME, UPDATE_BY, UPDATE_TIME) VALUES ('H13', '295/80R22.5', 8, 4, '116', 'admin', NOW(), 'admin', NOW());
INSERT INTO T_MDM_STRUCTURE_LH_RATIO (CX_MACHINE_TYPE_CODE, STRUCTURE_NAME, LH_MACHINE_MAX_QTY, MAX_EMBRYO_QTY, FACTORY_CODE, CREATE_BY, CREATE_TIME, UPDATE_BY, UPDATE_TIME) VALUES ('H13', '315/70R22.5', 8, 3, '116', 'admin', NOW(), 'admin', NOW());
INSERT INTO T_MDM_STRUCTURE_LH_RATIO (CX_MACHINE_TYPE_CODE, STRUCTURE_NAME, LH_MACHINE_MAX_QTY, MAX_EMBRYO_QTY, FACTORY_CODE, CREATE_BY, CREATE_TIME, UPDATE_BY, UPDATE_TIME) VALUES ('H13', '315/80R22.5-JD758零度', 7, 4, '116', 'admin', NOW(), 'admin', NOW());
INSERT INTO T_MDM_STRUCTURE_LH_RATIO (CX_MACHINE_TYPE_CODE, STRUCTURE_NAME, LH_MACHINE_MAX_QTY, MAX_EMBRYO_QTY, FACTORY_CODE, CREATE_BY, CREATE_TIME, UPDATE_BY, UPDATE_TIME) VALUES ('H13', '385/65R22.5-JY598四层', 8, 3, '116', 'admin', NOW(), 'admin', NOW());

-- H14机型配比
INSERT INTO T_MDM_STRUCTURE_LH_RATIO (CX_MACHINE_TYPE_CODE, STRUCTURE_NAME, LH_MACHINE_MAX_QTY, MAX_EMBRYO_QTY, FACTORY_CODE, CREATE_BY, CREATE_TIME, UPDATE_BY, UPDATE_TIME) VALUES ('H14', '11R24.5-JD571', 7, 3, '116', 'admin', NOW(), 'admin', NOW());
INSERT INTO T_MDM_STRUCTURE_LH_RATIO (CX_MACHINE_TYPE_CODE, STRUCTURE_NAME, LH_MACHINE_MAX_QTY, MAX_EMBRYO_QTY, FACTORY_CODE, CREATE_BY, CREATE_TIME, UPDATE_BY, UPDATE_TIME) VALUES ('H14', '215/75R17.5', 6, 3, '116', 'admin', NOW(), 'admin', NOW());
INSERT INTO T_MDM_STRUCTURE_LH_RATIO (CX_MACHINE_TYPE_CODE, STRUCTURE_NAME, LH_MACHINE_MAX_QTY, MAX_EMBRYO_QTY, FACTORY_CODE, CREATE_BY, CREATE_TIME, UPDATE_BY, UPDATE_TIME) VALUES ('H14', '245/70R19.5', 5, 3, '116', 'admin', NOW(), 'admin', NOW());
INSERT INTO T_MDM_STRUCTURE_LH_RATIO (CX_MACHINE_TYPE_CODE, STRUCTURE_NAME, LH_MACHINE_MAX_QTY, MAX_EMBRYO_QTY, FACTORY_CODE, CREATE_BY, CREATE_TIME, UPDATE_BY, UPDATE_TIME) VALUES ('H14', '275/80R22.5', 7, 3, '116', 'admin', NOW(), 'admin', NOW());
INSERT INTO T_MDM_STRUCTURE_LH_RATIO (CX_MACHINE_TYPE_CODE, STRUCTURE_NAME, LH_MACHINE_MAX_QTY, MAX_EMBRYO_QTY, FACTORY_CODE, CREATE_BY, CREATE_TIME, UPDATE_BY, UPDATE_TIME) VALUES ('H14', '315/60R22.5', 6, 3, '116', 'admin', NOW(), 'admin', NOW());
INSERT INTO T_MDM_STRUCTURE_LH_RATIO (CX_MACHINE_TYPE_CODE, STRUCTURE_NAME, LH_MACHINE_MAX_QTY, MAX_EMBRYO_QTY, FACTORY_CODE, CREATE_BY, CREATE_TIME, UPDATE_BY, UPDATE_TIME) VALUES ('H14', '315/80R22.5-JY711零度', 7, 4, '116', 'admin', NOW(), 'admin', NOW());

-- H15机型配比
INSERT INTO T_MDM_STRUCTURE_LH_RATIO (CX_MACHINE_TYPE_CODE, STRUCTURE_NAME, LH_MACHINE_MAX_QTY, MAX_EMBRYO_QTY, FACTORY_CODE, CREATE_BY, CREATE_TIME, UPDATE_BY, UPDATE_TIME) VALUES ('H15', '255/70R22.5', 6, 1, '116', 'admin', NOW(), 'admin', NOW());
INSERT INTO T_MDM_STRUCTURE_LH_RATIO (CX_MACHINE_TYPE_CODE, STRUCTURE_NAME, LH_MACHINE_MAX_QTY, MAX_EMBRYO_QTY, FACTORY_CODE, CREATE_BY, CREATE_TIME, UPDATE_BY, UPDATE_TIME) VALUES ('H15', '295/80R22.5', 8, 4, '116', 'admin', NOW(), 'admin', NOW());
INSERT INTO T_MDM_STRUCTURE_LH_RATIO (CX_MACHINE_TYPE_CODE, STRUCTURE_NAME, LH_MACHINE_MAX_QTY, MAX_EMBRYO_QTY, FACTORY_CODE, CREATE_BY, CREATE_TIME, UPDATE_BY, UPDATE_TIME) VALUES ('H15', '385/55R22.5', 6, 3, '116', 'admin', NOW(), 'admin', NOW());
INSERT INTO T_MDM_STRUCTURE_LH_RATIO (CX_MACHINE_TYPE_CODE, STRUCTURE_NAME, LH_MACHINE_MAX_QTY, MAX_EMBRYO_QTY, FACTORY_CODE, CREATE_BY, CREATE_TIME, UPDATE_BY, UPDATE_TIME) VALUES ('H15', '385/65R22.5-JY598四层', 7, 3, '116', 'admin', NOW(), 'admin', NOW());

-- ---------------------------------------------
-- 2. T_MP_STRUCTURE_ALLOCATION - 结构排产配置
-- 机台 -> 结构分配
-- ---------------------------------------------
DELETE FROM T_MP_STRUCTURE_ALLOCATION WHERE FACTORY_CODE = '116';

-- H11系列机台 (H1101-H1105)
INSERT INTO T_MP_STRUCTURE_ALLOCATION (YEAR, MONTH, MONTH_PLAN_VERSION, PRODUCTION_VERSION, PLAN_TYPE, STRUCTURE_NAME, NET_QTY, LOSS_QTY, CX_MACHINE_CODE, BEGIN_DAY, END_DAY, ALLOT_DAYS, FACTORY_CODE, CREATE_BY, CREATE_TIME, UPDATE_BY, UPDATE_TIME)
VALUES (2026, 3, '1.0', '1.0', '01', '315/80R22.5-JY711零度', 0, 0, 'H1101', 1, 30, 30, '116', 'admin', NOW(), 'admin', NOW());
INSERT INTO T_MP_STRUCTURE_ALLOCATION (YEAR, MONTH, MONTH_PLAN_VERSION, PRODUCTION_VERSION, PLAN_TYPE, STRUCTURE_NAME, NET_QTY, LOSS_QTY, CX_MACHINE_CODE, BEGIN_DAY, END_DAY, ALLOT_DAYS, FACTORY_CODE, CREATE_BY, CREATE_TIME, UPDATE_BY, UPDATE_TIME)
VALUES (2026, 3, '1.0', '1.0', '01', '12R22.5-JY711载重零度', 0, 0, 'H1102', 1, 30, 30, '116', 'admin', NOW(), 'admin', NOW());
INSERT INTO T_MP_STRUCTURE_ALLOCATION (YEAR, MONTH, MONTH_PLAN_VERSION, PRODUCTION_VERSION, PLAN_TYPE, STRUCTURE_NAME, NET_QTY, LOSS_QTY, CX_MACHINE_CODE, BEGIN_DAY, END_DAY, ALLOT_DAYS, FACTORY_CODE, CREATE_BY, CREATE_TIME, UPDATE_BY, UPDATE_TIME)
VALUES (2026, 3, '1.0', '1.0', '01', '325/95R24', 0, 0, 'H1103', 1, 30, 30, '116', 'admin', NOW(), 'admin', NOW());
INSERT INTO T_MP_STRUCTURE_ALLOCATION (YEAR, MONTH, MONTH_PLAN_VERSION, PRODUCTION_VERSION, PLAN_TYPE, STRUCTURE_NAME, NET_QTY, LOSS_QTY, CX_MACHINE_CODE, BEGIN_DAY, END_DAY, ALLOT_DAYS, FACTORY_CODE, CREATE_BY, CREATE_TIME, UPDATE_BY, UPDATE_TIME)
VALUES (2026, 3, '1.0', '1.0', '01', '315/80R22.5-JF518四层', 0, 0, 'H1104', 1, 30, 30, '116', 'admin', NOW(), 'admin', NOW());
INSERT INTO T_MP_STRUCTURE_ALLOCATION (YEAR, MONTH, MONTH_PLAN_VERSION, PRODUCTION_VERSION, PLAN_TYPE, STRUCTURE_NAME, NET_QTY, LOSS_QTY, CX_MACHINE_CODE, BEGIN_DAY, END_DAY, ALLOT_DAYS, FACTORY_CODE, CREATE_BY, CREATE_TIME, UPDATE_BY, UPDATE_TIME)
VALUES (2026, 3, '1.0', '1.0', '01', '295/80R22.5', 0, 0, 'H1105', 1, 30, 30, '116', 'admin', NOW(), 'admin', NOW());

-- H12系列机台 (H1201-H1205)
INSERT INTO T_MP_STRUCTURE_ALLOCATION (YEAR, MONTH, MONTH_PLAN_VERSION, PRODUCTION_VERSION, PLAN_TYPE, STRUCTURE_NAME, NET_QTY, LOSS_QTY, CX_MACHINE_CODE, BEGIN_DAY, END_DAY, ALLOT_DAYS, FACTORY_CODE, CREATE_BY, CREATE_TIME, UPDATE_BY, UPDATE_TIME)
VALUES (2026, 3, '1.0', '1.0', '01', '11R22.5-JD571四层', 0, 0, 'H1201', 1, 30, 30, '116', 'admin', NOW(), 'admin', NOW());
INSERT INTO T_MP_STRUCTURE_ALLOCATION (YEAR, MONTH, MONTH_PLAN_VERSION, PRODUCTION_VERSION, PLAN_TYPE, STRUCTURE_NAME, NET_QTY, LOSS_QTY, CX_MACHINE_CODE, BEGIN_DAY, END_DAY, ALLOT_DAYS, FACTORY_CODE, CREATE_BY, CREATE_TIME, UPDATE_BY, UPDATE_TIME)
VALUES (2026, 3, '1.0', '1.0', '01', '295/75R22.5', 0, 0, 'H1202', 1, 30, 30, '116', 'admin', NOW(), 'admin', NOW());
INSERT INTO T_MP_STRUCTURE_ALLOCATION (YEAR, MONTH, MONTH_PLAN_VERSION, PRODUCTION_VERSION, PLAN_TYPE, STRUCTURE_NAME, NET_QTY, LOSS_QTY, CX_MACHINE_CODE, BEGIN_DAY, END_DAY, ALLOT_DAYS, FACTORY_CODE, CREATE_BY, CREATE_TIME, UPDATE_BY, UPDATE_TIME)
VALUES (2026, 3, '1.0', '1.0', '01', '315/70R22.5', 0, 0, 'H1203', 1, 30, 30, '116', 'admin', NOW(), 'admin', NOW());
INSERT INTO T_MP_STRUCTURE_ALLOCATION (YEAR, MONTH, MONTH_PLAN_VERSION, PRODUCTION_VERSION, PLAN_TYPE, STRUCTURE_NAME, NET_QTY, LOSS_QTY, CX_MACHINE_CODE, BEGIN_DAY, END_DAY, ALLOT_DAYS, FACTORY_CODE, CREATE_BY, CREATE_TIME, UPDATE_BY, UPDATE_TIME)
VALUES (2026, 3, '1.0', '1.0', '01', '295/80R22.5', 0, 0, 'H1204', 1, 30, 30, '116', 'admin', NOW(), 'admin', NOW());
INSERT INTO T_MP_STRUCTURE_ALLOCATION (YEAR, MONTH, MONTH_PLAN_VERSION, PRODUCTION_VERSION, PLAN_TYPE, STRUCTURE_NAME, NET_QTY, LOSS_QTY, CX_MACHINE_CODE, BEGIN_DAY, END_DAY, ALLOT_DAYS, FACTORY_CODE, CREATE_BY, CREATE_TIME, UPDATE_BY, UPDATE_TIME)
VALUES (2026, 3, '1.0', '1.0', '01', '315/80R22.5-JY711零度', 0, 0, 'H1205', 1, 30, 30, '116', 'admin', NOW(), 'admin', NOW());

-- H13系列机台 (H1301-H1305)
INSERT INTO T_MP_STRUCTURE_ALLOCATION (YEAR, MONTH, MONTH_PLAN_VERSION, PRODUCTION_VERSION, PLAN_TYPE, STRUCTURE_NAME, NET_QTY, LOSS_QTY, CX_MACHINE_CODE, BEGIN_DAY, END_DAY, ALLOT_DAYS, FACTORY_CODE, CREATE_BY, CREATE_TIME, UPDATE_BY, UPDATE_TIME)
VALUES (2026, 3, '1.0', '1.0', '01', '315/70R22.5', 0, 0, 'H1301', 1, 30, 30, '116', 'admin', NOW(), 'admin', NOW());
INSERT INTO T_MP_STRUCTURE_ALLOCATION (YEAR, MONTH, MONTH_PLAN_VERSION, PRODUCTION_VERSION, PLAN_TYPE, STRUCTURE_NAME, NET_QTY, LOSS_QTY, CX_MACHINE_CODE, BEGIN_DAY, END_DAY, ALLOT_DAYS, FACTORY_CODE, CREATE_BY, CREATE_TIME, UPDATE_BY, UPDATE_TIME)
VALUES (2026, 3, '1.0', '1.0', '01', '385/65R22.5-JY598四层', 0, 0, 'H1302', 1, 30, 30, '116', 'admin', NOW(), 'admin', NOW());
INSERT INTO T_MP_STRUCTURE_ALLOCATION (YEAR, MONTH, MONTH_PLAN_VERSION, PRODUCTION_VERSION, PLAN_TYPE, STRUCTURE_NAME, NET_QTY, LOSS_QTY, CX_MACHINE_CODE, BEGIN_DAY, END_DAY, ALLOT_DAYS, FACTORY_CODE, CREATE_BY, CREATE_TIME, UPDATE_BY, UPDATE_TIME)
VALUES (2026, 3, '1.0', '1.0', '01', '315/70R22.5', 0, 0, 'H1303', 1, 30, 30, '116', 'admin', NOW(), 'admin', NOW());
INSERT INTO T_MP_STRUCTURE_ALLOCATION (YEAR, MONTH, MONTH_PLAN_VERSION, PRODUCTION_VERSION, PLAN_TYPE, STRUCTURE_NAME, NET_QTY, LOSS_QTY, CX_MACHINE_CODE, BEGIN_DAY, END_DAY, ALLOT_DAYS, FACTORY_CODE, CREATE_BY, CREATE_TIME, UPDATE_BY, UPDATE_TIME)
VALUES (2026, 3, '1.0', '1.0', '01', '295/80R22.5', 0, 0, 'H1304', 1, 30, 30, '116', 'admin', NOW(), 'admin', NOW());
INSERT INTO T_MP_STRUCTURE_ALLOCATION (YEAR, MONTH, MONTH_PLAN_VERSION, PRODUCTION_VERSION, PLAN_TYPE, STRUCTURE_NAME, NET_QTY, LOSS_QTY, CX_MACHINE_CODE, BEGIN_DAY, END_DAY, ALLOT_DAYS, FACTORY_CODE, CREATE_BY, CREATE_TIME, UPDATE_BY, UPDATE_TIME)
VALUES (2026, 3, '1.0', '1.0', '01', '315/80R22.5-JD758零度', 0, 0, 'H1305', 1, 30, 30, '116', 'admin', NOW(), 'admin', NOW());

-- H14系列机台 (H1401-H1405)
INSERT INTO T_MP_STRUCTURE_ALLOCATION (YEAR, MONTH, MONTH_PLAN_VERSION, PRODUCTION_VERSION, PLAN_TYPE, STRUCTURE_NAME, NET_QTY, LOSS_QTY, CX_MACHINE_CODE, BEGIN_DAY, END_DAY, ALLOT_DAYS, FACTORY_CODE, CREATE_BY, CREATE_TIME, UPDATE_BY, UPDATE_TIME)
VALUES (2026, 3, '1.0', '1.0', '01', '215/75R17.5', 0, 0, 'H1401', 1, 30, 30, '116', 'admin', NOW(), 'admin', NOW());
INSERT INTO T_MP_STRUCTURE_ALLOCATION (YEAR, MONTH, MONTH_PLAN_VERSION, PRODUCTION_VERSION, PLAN_TYPE, STRUCTURE_NAME, NET_QTY, LOSS_QTY, CX_MACHINE_CODE, BEGIN_DAY, END_DAY, ALLOT_DAYS, FACTORY_CODE, CREATE_BY, CREATE_TIME, UPDATE_BY, UPDATE_TIME)
VALUES (2026, 3, '1.0', '1.0', '01', '245/70R19.5', 0, 0, 'H1402', 1, 30, 30, '116', 'admin', NOW(), 'admin', NOW());
INSERT INTO T_MP_STRUCTURE_ALLOCATION (YEAR, MONTH, MONTH_PLAN_VERSION, PRODUCTION_VERSION, PLAN_TYPE, STRUCTURE_NAME, NET_QTY, LOSS_QTY, CX_MACHINE_CODE, BEGIN_DAY, END_DAY, ALLOT_DAYS, FACTORY_CODE, CREATE_BY, CREATE_TIME, UPDATE_BY, UPDATE_TIME)
VALUES (2026, 3, '1.0', '1.0', '01', '275/80R22.5', 0, 0, 'H1403', 1, 30, 30, '116', 'admin', NOW(), 'admin', NOW());
INSERT INTO T_MP_STRUCTURE_ALLOCATION (YEAR, MONTH, MONTH_PLAN_VERSION, PRODUCTION_VERSION, PLAN_TYPE, STRUCTURE_NAME, NET_QTY, LOSS_QTY, CX_MACHINE_CODE, BEGIN_DAY, END_DAY, ALLOT_DAYS, FACTORY_CODE, CREATE_BY, CREATE_TIME, UPDATE_BY, UPDATE_TIME)
VALUES (2026, 3, '1.0', '1.0', '01', '315/60R22.5', 0, 0, 'H1404', 1, 30, 30, '116', 'admin', NOW(), 'admin', NOW());
INSERT INTO T_MP_STRUCTURE_ALLOCATION (YEAR, MONTH, MONTH_PLAN_VERSION, PRODUCTION_VERSION, PLAN_TYPE, STRUCTURE_NAME, NET_QTY, LOSS_QTY, CX_MACHINE_CODE, BEGIN_DAY, END_DAY, ALLOT_DAYS, FACTORY_CODE, CREATE_BY, CREATE_TIME, UPDATE_BY, UPDATE_TIME)
VALUES (2026, 3, '1.0', '1.0', '01', '11R24.5-JD571', 0, 0, 'H1405', 1, 30, 30, '116', 'admin', NOW(), 'admin', NOW());

-- H15系列机台 (H1501-H1505)
INSERT INTO T_MP_STRUCTURE_ALLOCATION (YEAR, MONTH, MONTH_PLAN_VERSION, PRODUCTION_VERSION, PLAN_TYPE, STRUCTURE_NAME, NET_QTY, LOSS_QTY, CX_MACHINE_CODE, BEGIN_DAY, END_DAY, ALLOT_DAYS, FACTORY_CODE, CREATE_BY, CREATE_TIME, UPDATE_BY, UPDATE_TIME)
VALUES (2026, 3, '1.0', '1.0', '01', '295/80R22.5', 0, 0, 'H1501', 1, 30, 30, '116', 'admin', NOW(), 'admin', NOW());
INSERT INTO T_MP_STRUCTURE_ALLOCATION (YEAR, MONTH, MONTH_PLAN_VERSION, PRODUCTION_VERSION, PLAN_TYPE, STRUCTURE_NAME, NET_QTY, LOSS_QTY, CX_MACHINE_CODE, BEGIN_DAY, END_DAY, ALLOT_DAYS, FACTORY_CODE, CREATE_BY, CREATE_TIME, UPDATE_BY, UPDATE_TIME)
VALUES (2026, 3, '1.0', '1.0', '01', '385/65R22.5-JY598四层', 0, 0, 'H1502', 1, 30, 30, '116', 'admin', NOW(), 'admin', NOW());
INSERT INTO T_MP_STRUCTURE_ALLOCATION (YEAR, MONTH, MONTH_PLAN_VERSION, PRODUCTION_VERSION, PLAN_TYPE, STRUCTURE_NAME, NET_QTY, LOSS_QTY, CX_MACHINE_CODE, BEGIN_DAY, END_DAY, ALLOT_DAYS, FACTORY_CODE, CREATE_BY, CREATE_TIME, UPDATE_BY, UPDATE_TIME)
VALUES (2026, 3, '1.0', '1.0', '01', '255/70R22.5', 0, 0, 'H1503', 1, 30, 30, '116', 'admin', NOW(), 'admin', NOW());
INSERT INTO T_MP_STRUCTURE_ALLOCATION (YEAR, MONTH, MONTH_PLAN_VERSION, PRODUCTION_VERSION, PLAN_TYPE, STRUCTURE_NAME, NET_QTY, LOSS_QTY, CX_MACHINE_CODE, BEGIN_DAY, END_DAY, ALLOT_DAYS, FACTORY_CODE, CREATE_BY, CREATE_TIME, UPDATE_BY, UPDATE_TIME)
VALUES (2026, 3, '1.0', '1.0', '01', '385/65R22.5-JY598四层', 0, 0, 'H1504', 1, 30, 30, '116', 'admin', NOW(), 'admin', NOW());
INSERT INTO T_MP_STRUCTURE_ALLOCATION (YEAR, MONTH, MONTH_PLAN_VERSION, PRODUCTION_VERSION, PLAN_TYPE, STRUCTURE_NAME, NET_QTY, LOSS_QTY, CX_MACHINE_CODE, BEGIN_DAY, END_DAY, ALLOT_DAYS, FACTORY_CODE, CREATE_BY, CREATE_TIME, UPDATE_BY, UPDATE_TIME)
VALUES (2026, 3, '1.0', '1.0', '01', '385/55R22.5', 0, 0, 'H1505', 1, 30, 30, '116', 'admin', NOW(), 'admin', NOW());

-- ---------------------------------------------
-- 3. t_mdm_structure_tread_config - 结构整车配置
-- ---------------------------------------------
DELETE FROM t_mdm_structure_tread_config WHERE FACTORY_CODE = '116';

INSERT INTO t_mdm_structure_tread_config (STRUCTURE_CODE, TREAD_COUNT, DATA_VERSION, COMPANY_CODE, FACTORY_CODE, CREATE_BY, CREATE_TIME, UPDATE_BY, UPDATE_TIME, IS_DELETE) VALUES ('12R22.5-JY711载重零度', 200, '1.0', 'C001', '116', 'admin', NOW(), 'admin', NOW(), '0');
INSERT INTO t_mdm_structure_tread_config (STRUCTURE_CODE, TREAD_COUNT, DATA_VERSION, COMPANY_CODE, FACTORY_CODE, CREATE_BY, CREATE_TIME, UPDATE_BY, UPDATE_TIME, IS_DELETE) VALUES ('295/80R22.5', 200, '1.0', 'C001', '116', 'admin', NOW(), 'admin', NOW(), '0');
INSERT INTO t_mdm_structure_tread_config (STRUCTURE_CODE, TREAD_COUNT, DATA_VERSION, COMPANY_CODE, FACTORY_CODE, CREATE_BY, CREATE_TIME, UPDATE_BY, UPDATE_TIME, IS_DELETE) VALUES ('315/80R22.5-JF518四层', 200, '1.0', 'C001', '116', 'admin', NOW(), 'admin', NOW(), '0');
INSERT INTO t_mdm_structure_tread_config (STRUCTURE_CODE, TREAD_COUNT, DATA_VERSION, COMPANY_CODE, FACTORY_CODE, CREATE_BY, CREATE_TIME, UPDATE_BY, UPDATE_TIME, IS_DELETE) VALUES ('325/95R24', 200, '1.0', 'C001', '116', 'admin', NOW(), 'admin', NOW(), '0');
INSERT INTO t_mdm_structure_tread_config (STRUCTURE_CODE, TREAD_COUNT, DATA_VERSION, COMPANY_CODE, FACTORY_CODE, CREATE_BY, CREATE_TIME, UPDATE_BY, UPDATE_TIME, IS_DELETE) VALUES ('385/65R22.5-JY598零度', 200, '1.0', 'C001', '116', 'admin', NOW(), 'admin', NOW(), '0');
INSERT INTO t_mdm_structure_tread_config (STRUCTURE_CODE, TREAD_COUNT, DATA_VERSION, COMPANY_CODE, FACTORY_CODE, CREATE_BY, CREATE_TIME, UPDATE_BY, UPDATE_TIME, IS_DELETE) VALUES ('315/80R22.5-JY711零度', 200, '1.0', 'C001', '116', 'admin', NOW(), 'admin', NOW(), '0');
INSERT INTO t_mdm_structure_tread_config (STRUCTURE_CODE, TREAD_COUNT, DATA_VERSION, COMPANY_CODE, FACTORY_CODE, CREATE_BY, CREATE_TIME, UPDATE_BY, UPDATE_TIME, IS_DELETE) VALUES ('11R22.5-JD571四层', 200, '1.0', 'C001', '116', 'admin', NOW(), 'admin', NOW(), '0');
INSERT INTO t_mdm_structure_tread_config (STRUCTURE_CODE, TREAD_COUNT, DATA_VERSION, COMPANY_CODE, FACTORY_CODE, CREATE_BY, CREATE_TIME, UPDATE_BY, UPDATE_TIME, IS_DELETE) VALUES ('295/75R22.5', 200, '1.0', 'C001', '116', 'admin', NOW(), 'admin', NOW(), '0');
INSERT INTO t_mdm_structure_tread_config (STRUCTURE_CODE, TREAD_COUNT, DATA_VERSION, COMPANY_CODE, FACTORY_CODE, CREATE_BY, CREATE_TIME, UPDATE_BY, UPDATE_TIME, IS_DELETE) VALUES ('315/70R22.5', 200, '1.0', 'C001', '116', 'admin', NOW(), 'admin', NOW(), '0');
INSERT INTO t_mdm_structure_tread_config (STRUCTURE_CODE, TREAD_COUNT, DATA_VERSION, COMPANY_CODE, FACTORY_CODE, CREATE_BY, CREATE_TIME, UPDATE_BY, UPDATE_TIME, IS_DELETE) VALUES ('315/80R22.5-JD758零度', 200, '1.0', 'C001', '116', 'admin', NOW(), 'admin', NOW(), '0');
INSERT INTO t_mdm_structure_tread_config (STRUCTURE_CODE, TREAD_COUNT, DATA_VERSION, COMPANY_CODE, FACTORY_CODE, CREATE_BY, CREATE_TIME, UPDATE_BY, UPDATE_TIME, IS_DELETE) VALUES ('385/65R22.5-JY598四层', 200, '1.0', 'C001', '116', 'admin', NOW(), 'admin', NOW(), '0');
INSERT INTO t_mdm_structure_tread_config (STRUCTURE_CODE, TREAD_COUNT, DATA_VERSION, COMPANY_CODE, FACTORY_CODE, CREATE_BY, CREATE_TIME, UPDATE_BY, UPDATE_TIME, IS_DELETE) VALUES ('11R24.5-JD571', 200, '1.0', 'C001', '116', 'admin', NOW(), 'admin', NOW(), '0');
INSERT INTO t_mdm_structure_tread_config (STRUCTURE_CODE, TREAD_COUNT, DATA_VERSION, COMPANY_CODE, FACTORY_CODE, CREATE_BY, CREATE_TIME, UPDATE_BY, UPDATE_TIME, IS_DELETE) VALUES ('215/75R17.5', 200, '1.0', 'C001', '116', 'admin', NOW(), 'admin', NOW(), '0');
INSERT INTO t_mdm_structure_tread_config (STRUCTURE_CODE, TREAD_COUNT, DATA_VERSION, COMPANY_CODE, FACTORY_CODE, CREATE_BY, CREATE_TIME, UPDATE_BY, UPDATE_TIME, IS_DELETE) VALUES ('245/70R19.5', 200, '1.0', 'C001', '116', 'admin', NOW(), 'admin', NOW(), '0');
INSERT INTO t_mdm_structure_tread_config (STRUCTURE_CODE, TREAD_COUNT, DATA_VERSION, COMPANY_CODE, FACTORY_CODE, CREATE_BY, CREATE_TIME, UPDATE_BY, UPDATE_TIME, IS_DELETE) VALUES ('275/80R22.5', 200, '1.0', 'C001', '116', 'admin', NOW(), 'admin', NOW(), '0');
INSERT INTO t_mdm_structure_tread_config (STRUCTURE_CODE, TREAD_COUNT, DATA_VERSION, COMPANY_CODE, FACTORY_CODE, CREATE_BY, CREATE_TIME, UPDATE_BY, UPDATE_TIME, IS_DELETE) VALUES ('315/60R22.5', 200, '1.0', 'C001', '116', 'admin', NOW(), 'admin', NOW(), '0');
INSERT INTO t_mdm_structure_tread_config (STRUCTURE_CODE, TREAD_COUNT, DATA_VERSION, COMPANY_CODE, FACTORY_CODE, CREATE_BY, CREATE_TIME, UPDATE_BY, UPDATE_TIME, IS_DELETE) VALUES ('255/70R22.5', 200, '1.0', 'C001', '116', 'admin', NOW(), 'admin', NOW(), '0');
INSERT INTO t_mdm_structure_tread_config (STRUCTURE_CODE, TREAD_COUNT, DATA_VERSION, COMPANY_CODE, FACTORY_CODE, CREATE_BY, CREATE_TIME, UPDATE_BY, UPDATE_TIME, IS_DELETE) VALUES ('385/55R22.5', 200, '1.0', 'C001', '116', 'admin', NOW(), 'admin', NOW(), '0');

-- ---------------------------------------------
-- 4. 验证查询
-- ---------------------------------------------
SELECT 'T_MDM_STRUCTURE_LH_RATIO 配比数据' AS '表', COUNT(*) AS '记录数' FROM T_MDM_STRUCTURE_LH_RATIO WHERE FACTORY_CODE = '116'
UNION ALL
SELECT 'T_MP_STRUCTURE_ALLOCATION 机台分配', COUNT(*) FROM T_MP_STRUCTURE_ALLOCATION WHERE FACTORY_CODE = '116'
UNION ALL
SELECT 't_mdm_structure_tread_config 整车配置', COUNT(*) FROM t_mdm_structure_tread_config WHERE FACTORY_CODE = '116';
